current_path,proposed_path,proposed_source_group,reason,risk
C:\Notes\.DS_Store,C:\Notes\.DS_Store,skip,skip_system_file:.ds_store,skip
C:\Notes\CV_Marco_Stalman.docx,C:\Notes\personal\cv\CV_Marco_Stalman.docx,personal,specific_rule:cv_marco,move
C:\Notes\CV_Marco_Stalman_nieuw.docx,C:\Notes\personal\cv\CV_Marco_Stalman_nieuw.docx,personal,specific_rule:cv_marco,move
C:\Notes\devtools_cheatsheet.md,C:\Notes\tools\devtools\devtools_cheatsheet.md,tools,cheatsheet:tool:devtools,move
C:\Notes\docker_cheatsheet.md,C:\Notes\docker\docker_cheatsheet.md,docker,cheatsheet:domain:docker,move
C:\Notes\docker_compose_cheatsheet.md,C:\Notes\docker\docker_compose_cheatsheet.md,docker,cheatsheet:domain:docker,move
C:\Notes\DP-900.md,C:\Notes\microsoft\certs\DP-900.md,microsoft,specific_rule:dp-900,move
C:\Notes\geoip_logstash.md,C:\Notes\elastic\geoip_logstash.md,elastic,keyword_match:logstash,move
C:\Notes\git-details--2025-12-28.md,C:\Notes\git\git-details--2025-12-28.md,git,keyword_match:git,move
C:\Notes\git_cheatsheet.md,C:\Notes\git\git_cheatsheet.md,git,cheatsheet:domain:git,move
C:\Notes\howto-scipt-and-sp--2025-12-29.md,C:\Notes\tdv\howto-scipt-and-sp--2025-12-29.md,tdv,specific_rule:howto-scipt-and-sp,move
C:\Notes\KEYBINDINGS 2.md,C:\Notes\tools\misc\KEYBINDINGS 2.md,tools,cheatsheet:generic,move
C:\Notes\KEYBINDINGS.md,C:\Notes\tools\misc\KEYBINDINGS.md,tools,cheatsheet:generic,move
C:\Notes\KEYMAPS.md,C:\Notes\tools\misc\KEYMAPS.md,tools,cheatsheet:generic,move
C:\Notes\linux_cheatsheet.md,C:\Notes\tools\linux\linux_cheatsheet.md,tools,cheatsheet:tool:linux,move
C:\Notes\logstash_cheatsheet.md,C:\Notes\elastic\logstash_cheatsheet.md,elastic,cheatsheet:domain:logstash,move
C:\Notes\Marco_Stalman_CV.pdf,C:\Notes\personal\cv\Marco_Stalman_CV.pdf,personal,specific_rule:marco_stalman_cv,move
C:\Notes\nvim_cheatsheet.md,C:\Notes\tools\nvim\nvim_cheatsheet.md,tools,specific_rule:nvim_,move
C:\Notes\pandas.md,C:\Notes\python\pandas.md,python,keyword_match:pandas,move
C:\Notes\pandas_cheatsheet.md,C:\Notes\python\pandas_cheatsheet.md,python,cheatsheet:domain:pandas,move
C:\Notes\Power BI.md,C:\Notes\microsoft\powerbi\Power BI.md,microsoft,specific_rule:power bi,move
C:\Notes\pr-git-info--2025-12-28.md,C:\Notes\git\pr-git-info--2025-12-28.md,git,keyword_match:git,move
C:\Notes\python_api_project.md,C:\Notes\python\python_api_project.md,python,keyword_match:python,move
C:\Notes\python_filehandling.md,C:\Notes\python\python_filehandling.md,python,keyword_match:python,move
C:\Notes\SQL CTE en JOINS uitleg.md,C:\Notes\sql\SQL CTE en JOINS uitleg.md,sql,keyword_match:sql,move
C:\Notes\SQL.rtf,C:\Notes\sql\SQL.rtf,sql,keyword_match:sql,move
C:\Notes\sql_advanced.md,C:\Notes\sql\sql_advanced.md,sql,keyword_match:sql,move
C:\Notes\sql_cheatsheet.md,C:\Notes\sql\sql_cheatsheet.md,sql,cheatsheet:domain:sql,move
C:\Notes\stappenplan-ai-engineer--2025-12-28.md,C:\Notes\ai\stappenplan-ai-engineer--2025-12-28.md,ai,keyword_match:ai-engineer,move
C:\Notes\troubleshooting_elastic.md,C:\Notes\elastic\troubleshooting_elastic.md,elastic,keyword_match:elastic,move
C:\Notes\vim_lazyvim_cheatsheet.pdf,C:\Notes\tools\vim\vim_lazyvim_cheatsheet.pdf,tools,specific_rule:vim_,move
C:\Notes\vim_lazyvim_cheatsheet_compact.pdf,C:\Notes\tools\vim\vim_lazyvim_cheatsheet_compact.pdf,tools,specific_rule:vim_,move
C:\Notes\vim_motions.md,C:\Notes\tools\vim\vim_motions.md,tools,specific_rule:vim_,move
C:\Notes\.obsidian\app.json,C:\Notes\.obsidian\app.json,skip,skip_folder:.obsidian,skip
C:\Notes\.obsidian\appearance.json,C:\Notes\.obsidian\appearance.json,skip,skip_folder:.obsidian,skip
C:\Notes\.obsidian\community-plugins.json,C:\Notes\.obsidian\community-plugins.json,skip,skip_folder:.obsidian,skip
C:\Notes\.obsidian\core-plugins.json,C:\Notes\.obsidian\core-plugins.json,skip,skip_folder:.obsidian,skip
C:\Notes\.obsidian\workspace.json,C:\Notes\.obsidian\workspace.json,skip,skip_folder:.obsidian,skip
C:\Notes\Ebooks\.DS_Store,C:\Notes\Ebooks\.DS_Store,skip,skip_system_file:.ds_store,skip
C:\Notes\Ebooks\0812_Machine-Learning-for-Absolute-Beginners.pdf,C:\Notes\Ebooks\0812_Machine-Learning-for-Absolute-Beginners.pdf,ebooks,already_in_priority_folder,none
C:\Notes\Ebooks\Advanced+SQL+Querying.pdf,C:\Notes\Ebooks\Advanced+SQL+Querying.pdf,ebooks,already_in_priority_folder,none
C:\Notes\Ebooks\AI Engineering.pdf,C:\Notes\Ebooks\AI Engineering.pdf,ebooks,already_in_priority_folder,none
C:\Notes\Ebooks\Alice Zhao - SQL Pocket Guide_ A Guide to SQL Usage-O'Reilly Media (2021).pdf,C:\Notes\Ebooks\Alice Zhao - SQL Pocket Guide_ A Guide to SQL Usage-O'Reilly Media (2021).pdf,ebooks,already_in_priority_folder,none
C:\Notes\Ebooks\Applied-Machine-Learning-and-AI-for-Engineers.pdf,C:\Notes\Ebooks\Applied-Machine-Learning-and-AI-for-Engineers.pdf,ebooks,already_in_priority_folder,none
C:\Notes\Ebooks\Bishop-Pattern-Recognition-and-Machine-Learning-2006.pdf,C:\Notes\Ebooks\Bishop-Pattern-Recognition-and-Machine-Learning-2006.pdf,ebooks,already_in_priority_folder,none
C:\Notes\Ebooks\building-machine-learning-powered-applications-going-from-idea-to-product.pdf,C:\Notes\Ebooks\building-machine-learning-powered-applications-going-from-idea-to-product.pdf,ebooks,already_in_priority_folder,none
C:\Notes\Ebooks\David Kahn - The Codebreakers (1).pdf,C:\Notes\Ebooks\David Kahn - The Codebreakers (1).pdf,ebooks,already_in_priority_folder,none
C:\Notes\Ebooks\Designing_Machine_Learning_Systems_An_Iterative_Process_for_Production-Ready_Applications_-_Chip_Huyen.pdf,C:\Notes\Ebooks\Designing_Machine_Learning_Systems_An_Iterative_Process_for_Production-Ready_Applications_-_Chip_Huyen.pdf,ebooks,already_in_priority_folder,none
C:\Notes\Ebooks\extreme-privacy-what-it-takes-to-disappear.pdf.pdf,C:\Notes\Ebooks\extreme-privacy-what-it-takes-to-disappear.pdf.pdf,ebooks,already_in_priority_folder,none
C:\Notes\Ebooks\Handgeschreven_2025-01-26_135541.pdf,C:\Notes\Ebooks\Handgeschreven_2025-01-26_135541.pdf,ebooks,already_in_priority_folder,none
C:\Notes\Ebooks\Hands-On_Large_Language_Models.pdf,C:\Notes\Ebooks\Hands-On_Large_Language_Models.pdf,ebooks,already_in_priority_folder,none
C:\Notes\Ebooks\Hands-On_Machine_Learning_with_Scikit-Learn-Keras-and-TensorFlow-2nd-Edition-Aurelien-Geron.pdf,C:\Notes\Ebooks\Hands-On_Machine_Learning_with_Scikit-Learn-Keras-and-TensorFlow-2nd-Edition-Aurelien-Geron.pdf,ebooks,already_in_priority_folder,none
C:\Notes\Ebooks\Hands-On_Machine_Learning_with_Scikit-Learn_Keras_and_Tensorflow_-_Aurelien_Geron.pdf,C:\Notes\Ebooks\Hands-On_Machine_Learning_with_Scikit-Learn_Keras_and_Tensorflow_-_Aurelien_Geron.pdf,ebooks,already_in_priority_folder,none
C:\Notes\Ebooks\machine_learning.pdf,C:\Notes\Ebooks\machine_learning.pdf,ebooks,already_in_priority_folder,none
C:\Notes\Ebooks\ML Machine Learning-A Probabilistic Perspective.pdf,C:\Notes\Ebooks\ML Machine Learning-A Probabilistic Perspective.pdf,ebooks,already_in_priority_folder,none
C:\Notes\Ebooks\Practical MLOps_ Operationalizing Machine Learning Models.pdf,C:\Notes\Ebooks\Practical MLOps_ Operationalizing Machine Learning Models.pdf,ebooks,already_in_priority_folder,none
C:\Notes\Ebooks\Practical-Statistics-for-Data-Scientists.pdf,C:\Notes\Ebooks\Practical-Statistics-for-Data-Scientists.pdf,ebooks,already_in_priority_folder,none
C:\Notes\Ebooks\Probabilistic Machine Learning Advanced Topics... (Z-Library).pdf,C:\Notes\Ebooks\Probabilistic Machine Learning Advanced Topics... (Z-Library).pdf,ebooks,already_in_priority_folder,none
C:\Notes\Ebooks\SQL for Data Analysis.pdf,C:\Notes\Ebooks\SQL for Data Analysis.pdf,ebooks,already_in_priority_folder,none
C:\Notes\Ebooks\The Solution of the Zodiac KillerÔÇÖs 340-Character Cipher.pdf,C:\Notes\Ebooks\The Solution of the Zodiac KillerÔÇÖs 340-Character Cipher.pdf,ebooks,already_in_priority_folder,none
C:\Notes\Ebooks\The_Rust_Programming_lang.pdf,C:\Notes\Ebooks\The_Rust_Programming_lang.pdf,ebooks,already_in_priority_folder,none
C:\Notes\Elastic\.DS_Store,C:\Notes\Elastic\.DS_Store,skip,skip_system_file:.ds_store,skip
C:\Notes\tdv\.DS_Store,C:\Notes\tdv\.DS_Store,skip,skip_system_file:.ds_store,skip
C:\Notes\tdv\TIB_tdv_8.8.1_AdministrationGuide.pdf,C:\Notes\tdv\TIB_tdv_8.8.1_AdministrationGuide.pdf,tdv,already_in_priority_folder,none
C:\Notes\tdv\TIB_tdv_8.8.1_APIGuide.pdf,C:\Notes\tdv\TIB_tdv_8.8.1_APIGuide.pdf,tdv,already_in_priority_folder,none
C:\Notes\tdv\TIB_tdv_8.8.1_ReferenceGuide.pdf,C:\Notes\tdv\TIB_tdv_8.8.1_ReferenceGuide.pdf,tdv,already_in_priority_folder,none
C:\Notes\tdv\TIB_tdv_8.8.1_UserGuide.pdf,C:\Notes\tdv\TIB_tdv_8.8.1_UserGuide.pdf,tdv,already_in_priority_folder,none
C:\Notes\.obsidian\plugins\obsidian-excalidraw-plugin\data.json,C:\Notes\.obsidian\plugins\obsidian-excalidraw-plugin\data.json,skip,skip_folder:.obsidian,skip
C:\Notes\.obsidian\plugins\obsidian-excalidraw-plugin\main.js,C:\Notes\.obsidian\plugins\obsidian-excalidraw-plugin\main.js,skip,skip_folder:.obsidian,skip
C:\Notes\.obsidian\plugins\obsidian-excalidraw-plugin\manifest.json,C:\Notes\.obsidian\plugins\obsidian-excalidraw-plugin\manifest.json,skip,skip_folder:.obsidian,skip
C:\Notes\.obsidian\plugins\obsidian-excalidraw-plugin\styles.css,C:\Notes\.obsidian\plugins\obsidian-excalidraw-plugin\styles.css,skip,skip_folder:.obsidian,skip
C:\Notes\.obsidian\plugins\readwise-official\data.json,C:\Notes\.obsidian\plugins\readwise-official\data.json,skip,skip_folder:.obsidian,skip
C:\Notes\.obsidian\plugins\readwise-official\main.js,C:\Notes\.obsidian\plugins\readwise-official\main.js,skip,skip_folder:.obsidian,skip
C:\Notes\.obsidian\plugins\readwise-official\manifest.json,C:\Notes\.obsidian\plugins\readwise-official\manifest.json,skip,skip_folder:.obsidian,skip
C:\Notes\.obsidian\plugins\readwise-official\styles.css,C:\Notes\.obsidian\plugins\readwise-official\styles.css,skip,skip_folder:.obsidian,skip
C:\Notes\Elastic\advanced-topics-for-working-with-time-series-data-streams-elastic-docs\00-intro.md,C:\Notes\Elastic\advanced-topics-for-working-with-time-series-data-streams-elastic-docs\00-intro.md,elastic,already_in_priority_folder,none
C:\Notes\Elastic\advanced-topics-for-working-with-time-series-data-streams-elastic-docs\_metadata.txt,C:\Notes\Elastic\advanced-topics-for-working-with-time-series-data-streams-elastic-docs\_metadata.txt,elastic,already_in_priority_folder,none
C:\Notes\Elastic\agent-processors-elastic-docs\00-intro.md,C:\Notes\Elastic\agent-processors-elastic-docs\00-intro.md,elastic,already_in_priority_folder,none
C:\Notes\Elastic\agent-processors-elastic-docs\_metadata.txt,C:\Notes\Elastic\agent-processors-elastic-docs\_metadata.txt,elastic,already_in_priority_folder,none
C:\Notes\Elastic\aliases-elastic-docs\00-intro.md,C:\Notes\Elastic\aliases-elastic-docs\00-intro.md,elastic,already_in_priority_folder,none
C:\Notes\Elastic\aliases-elastic-docs\_metadata.txt,C:\Notes\Elastic\aliases-elastic-docs\_metadata.txt,elastic,already_in_priority_folder,none
C:\Notes\Elastic\anatomy-of-an-analyzer-elastic-docs\00-intro.md,C:\Notes\Elastic\anatomy-of-an-analyzer-elastic-docs\00-intro.md,elastic,already_in_priority_folder,none
C:\Notes\Elastic\anatomy-of-an-analyzer-elastic-docs\_metadata.txt,C:\Notes\Elastic\anatomy-of-an-analyzer-elastic-docs\_metadata.txt,elastic,already_in_priority_folder,none
C:\Notes\Elastic\apply-an-index-lifecycle-policy-to-an-existing-elasticsearch-index-elastic-docs\00-intro.md,C:\Notes\Elastic\apply-an-index-lifecycle-policy-to-an-existing-elasticsearch-index-elastic-docs\00-intro.md,elastic,already_in_priority_folder,none
C:\Notes\Elastic\apply-an-index-lifecycle-policy-to-an-existing-elasticsearch-index-elastic-docs\_metadata.txt,C:\Notes\Elastic\apply-an-index-lifecycle-policy-to-an-existing-elasticsearch-index-elastic-docs\_metadata.txt,elastic,already_in_priority_folder,none
C:\Notes\Elastic\beats-and-elastic-agent-capabilities-elastic-docs\00-intro.md,C:\Notes\Elastic\beats-and-elastic-agent-capabilities-elastic-docs\00-intro.md,elastic,already_in_priority_folder,none
C:\Notes\Elastic\beats-and-elastic-agent-capabilities-elastic-docs\_metadata.txt,C:\Notes\Elastic\beats-and-elastic-agent-capabilities-elastic-docs\_metadata.txt,elastic,already_in_priority_folder,none
C:\Notes\Elastic\beats-beats\00-intro.md,C:\Notes\Elastic\beats-beats\00-intro.md,elastic,already_in_priority_folder,none
C:\Notes\Elastic\beats-beats\_metadata.txt,C:\Notes\Elastic\beats-beats\_metadata.txt,elastic,already_in_priority_folder,none
C:\Notes\Elastic\calculate-the-ingest-lag-metadata-elastic-docs\00-intro.md,C:\Notes\Elastic\calculate-the-ingest-lag-metadata-elastic-docs\00-intro.md,elastic,already_in_priority_folder,none
C:\Notes\Elastic\calculate-the-ingest-lag-metadata-elastic-docs\_metadata.txt,C:\Notes\Elastic\calculate-the-ingest-lag-metadata-elastic-docs\_metadata.txt,elastic,already_in_priority_folder,none
C:\Notes\Elastic\centrally-manage-elastic-agents-in-fleet-elastic-docs\00-intro.md,C:\Notes\Elastic\centrally-manage-elastic-agents-in-fleet-elastic-docs\00-intro.md,elastic,already_in_priority_folder,none
C:\Notes\Elastic\centrally-manage-elastic-agents-in-fleet-elastic-docs\_metadata.txt,C:\Notes\Elastic\centrally-manage-elastic-agents-in-fleet-elastic-docs\_metadata.txt,elastic,already_in_priority_folder,none
C:\Notes\Elastic\check-the-ilm-status-of-elasticsearch-indices-and-data-streams-elastic-docs\00-intro.md,C:\Notes\Elastic\check-the-ilm-status-of-elasticsearch-indices-and-data-streams-elastic-docs\00-intro.md,elastic,already_in_priority_folder,none
C:\Notes\Elastic\check-the-ilm-status-of-elasticsearch-indices-and-data-streams-elastic-docs\_metadata.txt,C:\Notes\Elastic\check-the-ilm-status-of-elasticsearch-indices-and-data-streams-elastic-docs\_metadata.txt,elastic,already_in_priority_folder,none
C:\Notes\Elastic\clone-an-index-elasticsearch-api-documentation\00-intro.md,C:\Notes\Elastic\clone-an-index-elasticsearch-api-documentation\00-intro.md,elastic,already_in_priority_folder,none
C:\Notes\Elastic\clone-an-index-elasticsearch-api-documentation\_metadata.txt,C:\Notes\Elastic\clone-an-index-elasticsearch-api-documentation\_metadata.txt,elastic,already_in_priority_folder,none
C:\Notes\Elastic\concepts-elastic-docs\00-intro.md,C:\Notes\Elastic\concepts-elastic-docs\00-intro.md,elastic,already_in_priority_folder,none
C:\Notes\Elastic\concepts-elastic-docs\_metadata.txt,C:\Notes\Elastic\concepts-elastic-docs\_metadata.txt,elastic,already_in_priority_folder,none
C:\Notes\Elastic\configure-text-analysis-elastic-docs\00-intro.md,C:\Notes\Elastic\configure-text-analysis-elastic-docs\00-intro.md,elastic,already_in_priority_folder,none
C:\Notes\Elastic\configure-text-analysis-elastic-docs\_metadata.txt,C:\Notes\Elastic\configure-text-analysis-elastic-docs\_metadata.txt,elastic,already_in_priority_folder,none
C:\Notes\Elastic\configuring-a-time-series-data-stream-for-downsampling-elastic-docs\00-intro.md,C:\Notes\Elastic\configuring-a-time-series-data-stream-for-downsampling-elastic-docs\00-intro.md,elastic,already_in_priority_folder,none
C:\Notes\Elastic\configuring-a-time-series-data-stream-for-downsampling-elastic-docs\_metadata.txt,C:\Notes\Elastic\configuring-a-time-series-data-stream-for-downsampling-elastic-docs\_metadata.txt,elastic,already_in_priority_folder,none
C:\Notes\Elastic\configuring-built-in-analyzers-elastic-docs\00-intro.md,C:\Notes\Elastic\configuring-built-in-analyzers-elastic-docs\00-intro.md,elastic,already_in_priority_folder,none
C:\Notes\Elastic\configuring-built-in-analyzers-elastic-docs\_metadata.txt,C:\Notes\Elastic\configuring-built-in-analyzers-elastic-docs\_metadata.txt,elastic,already_in_priority_folder,none
C:\Notes\Elastic\contribute-to-elastic-documentation-elastic-docs\00-intro.md,C:\Notes\Elastic\contribute-to-elastic-documentation-elastic-docs\00-intro.md,elastic,already_in_priority_folder,none
C:\Notes\Elastic\contribute-to-elastic-documentation-elastic-docs\_metadata.txt,C:\Notes\Elastic\contribute-to-elastic-documentation-elastic-docs\_metadata.txt,elastic,already_in_priority_folder,none
C:\Notes\Elastic\create-a-custom-analyzer-elastic-docs\00-intro.md,C:\Notes\Elastic\create-a-custom-analyzer-elastic-docs\00-intro.md,elastic,already_in_priority_folder,none
C:\Notes\Elastic\create-a-custom-analyzer-elastic-docs\_metadata.txt,C:\Notes\Elastic\create-a-custom-analyzer-elastic-docs\_metadata.txt,elastic,already_in_priority_folder,none
C:\Notes\Elastic\create-an-index-lifecycle-management-policy-in-elasticsearch-elastic-docs\00-intro.md,C:\Notes\Elastic\create-an-index-lifecycle-management-policy-in-elasticsearch-elastic-docs\00-intro.md,elastic,already_in_priority_folder,none
C:\Notes\Elastic\create-an-index-lifecycle-management-policy-in-elasticsearch-elastic-docs\_metadata.txt,C:\Notes\Elastic\create-an-index-lifecycle-management-policy-in-elasticsearch-elastic-docs\_metadata.txt,elastic,already_in_priority_folder,none
C:\Notes\Elastic\create-or-update-a-lifecycle-policy-elasticsearch-api-documentation\00-intro.md,C:\Notes\Elastic\create-or-update-a-lifecycle-policy-elasticsearch-api-documentation\00-intro.md,elastic,already_in_priority_folder,none
C:\Notes\Elastic\create-or-update-a-lifecycle-policy-elasticsearch-api-documentation\_metadata.txt,C:\Notes\Elastic\create-or-update-a-lifecycle-policy-elasticsearch-api-documentation\_metadata.txt,elastic,already_in_priority_folder,none
C:\Notes\Elastic\create-or-update-an-index-template-elasticsearch-api-documentation\00-intro.md,C:\Notes\Elastic\create-or-update-an-index-template-elasticsearch-api-documentation\00-intro.md,elastic,already_in_priority_folder,none
C:\Notes\Elastic\create-or-update-an-index-template-elasticsearch-api-documentation\_metadata.txt,C:\Notes\Elastic\create-or-update-an-index-template-elasticsearch-api-documentation\_metadata.txt,elastic,already_in_priority_folder,none
C:\Notes\Elastic\create-readable-and-maintainable-ingest-pipelines-elastic-docs\00-intro.md,C:\Notes\Elastic\create-readable-and-maintainable-ingest-pipelines-elastic-docs\00-intro.md,elastic,already_in_priority_folder,none
C:\Notes\Elastic\create-readable-and-maintainable-ingest-pipelines-elastic-docs\_metadata.txt,C:\Notes\Elastic\create-readable-and-maintainable-ingest-pipelines-elastic-docs\_metadata.txt,elastic,already_in_priority_folder,none
C:\Notes\Elastic\creating-a-data-stream-with-a-lifecycle-elastic-docs\00-intro.md,C:\Notes\Elastic\creating-a-data-stream-with-a-lifecycle-elastic-docs\00-intro.md,elastic,already_in_priority_folder,none
C:\Notes\Elastic\creating-a-data-stream-with-a-lifecycle-elastic-docs\_metadata.txt,C:\Notes\Elastic\creating-a-data-stream-with-a-lifecycle-elastic-docs\_metadata.txt,elastic,already_in_priority_folder,none
C:\Notes\Elastic\customize-built-in-ilm-policies-in-elasticsearch-elastic-docs\00-intro.md,C:\Notes\Elastic\customize-built-in-ilm-policies-in-elasticsearch-elastic-docs\00-intro.md,elastic,already_in_priority_folder,none
C:\Notes\Elastic\customize-built-in-ilm-policies-in-elasticsearch-elastic-docs\_metadata.txt,C:\Notes\Elastic\customize-built-in-ilm-policies-in-elasticsearch-elastic-docs\_metadata.txt,elastic,already_in_priority_folder,none
C:\Notes\Elastic\data-enrichment-elastic-docs\00-intro.md,C:\Notes\Elastic\data-enrichment-elastic-docs\00-intro.md,elastic,already_in_priority_folder,none
C:\Notes\Elastic\data-enrichment-elastic-docs\_metadata.txt,C:\Notes\Elastic\data-enrichment-elastic-docs\_metadata.txt,elastic,already_in_priority_folder,none
C:\Notes\Elastic\data-lifecycle-elastic-docs\00-intro.md,C:\Notes\Elastic\data-lifecycle-elastic-docs\00-intro.md,elastic,already_in_priority_folder,none
C:\Notes\Elastic\data-lifecycle-elastic-docs\_metadata.txt,C:\Notes\Elastic\data-lifecycle-elastic-docs\_metadata.txt,elastic,already_in_priority_folder,none
C:\Notes\Elastic\data-stream-lifecycle-in-elasticsearch-elastic-docs\00-intro.md,C:\Notes\Elastic\data-stream-lifecycle-in-elasticsearch-elastic-docs\00-intro.md,elastic,already_in_priority_folder,none
C:\Notes\Elastic\data-stream-lifecycle-in-elasticsearch-elastic-docs\_metadata.txt,C:\Notes\Elastic\data-stream-lifecycle-in-elasticsearch-elastic-docs\_metadata.txt,elastic,already_in_priority_folder,none
C:\Notes\Elastic\data-streams-elastic-docs\00-intro.md,C:\Notes\Elastic\data-streams-elastic-docs\00-intro.md,elastic,already_in_priority_folder,none
C:\Notes\Elastic\data-streams-elastic-docs\_metadata.txt,C:\Notes\Elastic\data-streams-elastic-docs\_metadata.txt,elastic,already_in_priority_folder,none
C:\Notes\Elastic\date-field-type-reference\00-intro.md,C:\Notes\Elastic\date-field-type-reference\00-intro.md,elastic,already_in_priority_folder,none
C:\Notes\Elastic\date-field-type-reference\_metadata.txt,C:\Notes\Elastic\date-field-type-reference\_metadata.txt,elastic,already_in_priority_folder,none
C:\Notes\Elastic\date-nanoseconds-field-type-reference\00-intro.md,C:\Notes\Elastic\date-nanoseconds-field-type-reference\00-intro.md,elastic,already_in_priority_folder,none
C:\Notes\Elastic\date-nanoseconds-field-type-reference\_metadata.txt,C:\Notes\Elastic\date-nanoseconds-field-type-reference\_metadata.txt,elastic,already_in_priority_folder,none
C:\Notes\Elastic\define-runtime-fields-in-a-search-request-elastic-docs\00-intro.md,C:\Notes\Elastic\define-runtime-fields-in-a-search-request-elastic-docs\00-intro.md,elastic,already_in_priority_folder,none
C:\Notes\Elastic\define-runtime-fields-in-a-search-request-elastic-docs\_metadata.txt,C:\Notes\Elastic\define-runtime-fields-in-a-search-request-elastic-docs\_metadata.txt,elastic,already_in_priority_folder,none
C:\Notes\Elastic\delete-indices-elasticsearch-api-documentation\00-intro.md,C:\Notes\Elastic\delete-indices-elasticsearch-api-documentation\00-intro.md,elastic,already_in_priority_folder,none
C:\Notes\Elastic\delete-indices-elasticsearch-api-documentation\_metadata.txt,C:\Notes\Elastic\delete-indices-elasticsearch-api-documentation\_metadata.txt,elastic,already_in_priority_folder,none
C:\Notes\Elastic\deploy-and-manage-elastic-docs\00-intro.md,C:\Notes\Elastic\deploy-and-manage-elastic-docs\00-intro.md,elastic,already_in_priority_folder,none
C:\Notes\Elastic\deploy-and-manage-elastic-docs\_metadata.txt,C:\Notes\Elastic\deploy-and-manage-elastic-docs\_metadata.txt,elastic,already_in_priority_folder,none
C:\Notes\Elastic\documentation-opentelemetry\00-intro.md,C:\Notes\Elastic\documentation-opentelemetry\00-intro.md,elastic,already_in_priority_folder,none
C:\Notes\Elastic\documentation-opentelemetry\_metadata.txt,C:\Notes\Elastic\documentation-opentelemetry\_metadata.txt,elastic,already_in_priority_folder,none
C:\Notes\Elastic\downsampling-a-time-series-data-stream-elastic-docs\00-intro.md,C:\Notes\Elastic\downsampling-a-time-series-data-stream-elastic-docs\00-intro.md,elastic,already_in_priority_folder,none
C:\Notes\Elastic\downsampling-a-time-series-data-stream-elastic-docs\_metadata.txt,C:\Notes\Elastic\downsampling-a-time-series-data-stream-elastic-docs\_metadata.txt,elastic,already_in_priority_folder,none
C:\Notes\Elastic\downsampling-concepts-elastic-docs\00-intro.md,C:\Notes\Elastic\downsampling-concepts-elastic-docs\00-intro.md,elastic,already_in_priority_folder,none
C:\Notes\Elastic\downsampling-concepts-elastic-docs\_metadata.txt,C:\Notes\Elastic\downsampling-concepts-elastic-docs\_metadata.txt,elastic,already_in_priority_folder,none
C:\Notes\Elastic\dynamic-field-mapping-elastic-docs\00-intro.md,C:\Notes\Elastic\dynamic-field-mapping-elastic-docs\00-intro.md,elastic,already_in_priority_folder,none
C:\Notes\Elastic\dynamic-field-mapping-elastic-docs\_metadata.txt,C:\Notes\Elastic\dynamic-field-mapping-elastic-docs\_metadata.txt,elastic,already_in_priority_folder,none
C:\Notes\Elastic\dynamic-mapping-elastic-docs\00-intro.md,C:\Notes\Elastic\dynamic-mapping-elastic-docs\00-intro.md,elastic,already_in_priority_folder,none
C:\Notes\Elastic\dynamic-mapping-elastic-docs\_metadata.txt,C:\Notes\Elastic\dynamic-mapping-elastic-docs\_metadata.txt,elastic,already_in_priority_folder,none
C:\Notes\Elastic\dynamic-templates-elastic-docs\00-intro.md,C:\Notes\Elastic\dynamic-templates-elastic-docs\00-intro.md,elastic,already_in_priority_folder,none
C:\Notes\Elastic\dynamic-templates-elastic-docs\_metadata.txt,C:\Notes\Elastic\dynamic-templates-elastic-docs\_metadata.txt,elastic,already_in_priority_folder,none
C:\Notes\Elastic\elastic-agent-to-elasticsearch-agent-installed-elastic-docs\00-intro.md,C:\Notes\Elastic\elastic-agent-to-elasticsearch-agent-installed-elastic-docs\00-intro.md,elastic,already_in_priority_folder,none
C:\Notes\Elastic\elastic-agent-to-elasticsearch-agent-installed-elastic-docs\_metadata.txt,C:\Notes\Elastic\elastic-agent-to-elasticsearch-agent-installed-elastic-docs\_metadata.txt,elastic,already_in_priority_folder,none
C:\Notes\Elastic\elastic-agent-to-elasticsearch-air-gapped-environment-elastic-docs\00-intro.md,C:\Notes\Elastic\elastic-agent-to-elasticsearch-air-gapped-environment-elastic-docs\00-intro.md,elastic,already_in_priority_folder,none
C:\Notes\Elastic\elastic-agent-to-elasticsearch-air-gapped-environment-elastic-docs\_metadata.txt,C:\Notes\Elastic\elastic-agent-to-elasticsearch-air-gapped-environment-elastic-docs\_metadata.txt,elastic,already_in_priority_folder,none
C:\Notes\Elastic\elastic-agent-to-elasticsearch-apis-for-collection-elastic-docs\00-intro.md,C:\Notes\Elastic\elastic-agent-to-elasticsearch-apis-for-collection-elastic-docs\00-intro.md,elastic,already_in_priority_folder,none
C:\Notes\Elastic\elastic-agent-to-elasticsearch-apis-for-collection-elastic-docs\_metadata.txt,C:\Notes\Elastic\elastic-agent-to-elasticsearch-apis-for-collection-elastic-docs\_metadata.txt,elastic,already_in_priority_folder,none
C:\Notes\Elastic\elastic-agent-to-elasticsearch-elastic-docs\00-intro.md,C:\Notes\Elastic\elastic-agent-to-elasticsearch-elastic-docs\00-intro.md,elastic,already_in_priority_folder,none
C:\Notes\Elastic\elastic-agent-to-elasticsearch-elastic-docs\_metadata.txt,C:\Notes\Elastic\elastic-agent-to-elasticsearch-elastic-docs\_metadata.txt,elastic,already_in_priority_folder,none
C:\Notes\Elastic\elastic-agent-to-elasticsearch-with-kafka-as-middleware-message-queue-elastic-docs\00-intro.md,C:\Notes\Elastic\elastic-agent-to-elasticsearch-with-kafka-as-middleware-message-queue-elastic-docs\00-intro.md,elastic,already_in_priority_folder,none
C:\Notes\Elastic\elastic-agent-to-elasticsearch-with-kafka-as-middleware-message-queue-elastic-docs\_metadata.txt,C:\Notes\Elastic\elastic-agent-to-elasticsearch-with-kafka-as-middleware-message-queue-elastic-docs\_metadata.txt,elastic,already_in_priority_folder,none
C:\Notes\Elastic\elastic-agent-to-logstash-air-gapped-environment-elastic-docs\00-intro.md,C:\Notes\Elastic\elastic-agent-to-logstash-air-gapped-environment-elastic-docs\00-intro.md,elastic,already_in_priority_folder,none
C:\Notes\Elastic\elastic-agent-to-logstash-air-gapped-environment-elastic-docs\_metadata.txt,C:\Notes\Elastic\elastic-agent-to-logstash-air-gapped-environment-elastic-docs\_metadata.txt,elastic,already_in_priority_folder,none
C:\Notes\Elastic\elastic-agent-to-logstash-for-enrichment-to-elasticsearch-elastic-docs\00-intro.md,C:\Notes\Elastic\elastic-agent-to-logstash-for-enrichment-to-elasticsearch-elastic-docs\00-intro.md,elastic,already_in_priority_folder,none
C:\Notes\Elastic\elastic-agent-to-logstash-for-enrichment-to-elasticsearch-elastic-docs\_metadata.txt,C:\Notes\Elastic\elastic-agent-to-logstash-for-enrichment-to-elasticsearch-elastic-docs\_metadata.txt,elastic,already_in_priority_folder,none
C:\Notes\Elastic\elastic-agent-to-logstash-for-routing-to-multiple-elasticsearch-clusters-and-additional-destinations-elastic-docs\00-intro.md,C:\Notes\Elastic\elastic-agent-to-logstash-for-routing-to-multiple-elasticsearch-clusters-and-additional-destinations-elastic-docs\00-intro.md,elastic,already_in_priority_folder,none
C:\Notes\Elastic\elastic-agent-to-logstash-for-routing-to-multiple-elasticsearch-clusters-and-additional-destinations-elastic-docs\_metadata.txt,C:\Notes\Elastic\elastic-agent-to-logstash-for-routing-to-multiple-elasticsearch-clusters-and-additional-destinations-elastic-docs\_metadata.txt,elastic,already_in_priority_folder,none
C:\Notes\Elastic\elastic-agent-to-logstash-to-elasticsearch-elastic-docs\00-intro.md,C:\Notes\Elastic\elastic-agent-to-logstash-to-elasticsearch-elastic-docs\00-intro.md,elastic,already_in_priority_folder,none
C:\Notes\Elastic\elastic-agent-to-logstash-to-elasticsearch-elastic-docs\_metadata.txt,C:\Notes\Elastic\elastic-agent-to-logstash-to-elasticsearch-elastic-docs\_metadata.txt,elastic,already_in_priority_folder,none
C:\Notes\Elastic\elastic-agent-to-logstash-to-elasticsearch-logstash-as-a-proxy-elastic-docs\00-intro.md,C:\Notes\Elastic\elastic-agent-to-logstash-to-elasticsearch-logstash-as-a-proxy-elastic-docs\00-intro.md,elastic,already_in_priority_folder,none
C:\Notes\Elastic\elastic-agent-to-logstash-to-elasticsearch-logstash-as-a-proxy-elastic-docs\_metadata.txt,C:\Notes\Elastic\elastic-agent-to-logstash-to-elasticsearch-logstash-as-a-proxy-elastic-docs\_metadata.txt,elastic,already_in_priority_folder,none
C:\Notes\Elastic\elastic-agent-to-logstash-to-elasticsearch-logstash-persistent-queue-pq-for-buffering-elastic-docs\00-intro.md,C:\Notes\Elastic\elastic-agent-to-logstash-to-elasticsearch-logstash-persistent-queue-pq-for-buffering-elastic-docs\00-intro.md,elastic,already_in_priority_folder,none
C:\Notes\Elastic\elastic-agent-to-logstash-to-elasticsearch-logstash-persistent-queue-pq-for-buffering-elastic-docs\_metadata.txt,C:\Notes\Elastic\elastic-agent-to-logstash-to-elasticsearch-logstash-persistent-queue-pq-for-buffering-elastic-docs\_metadata.txt,elastic,already_in_priority_folder,none
C:\Notes\Elastic\elastic-agent-to-logstash-to-kafka-to-kafka-es-sink-to-elasticsearch-kafka-as-middleware-message-queue-elastic-docs\00-intro.md,C:\Notes\Elastic\elastic-agent-to-logstash-to-kafka-to-kafka-es-sink-to-elasticsearch-kafka-as-middleware-message-queue-elastic-docs\00-intro.md,elastic,already_in_priority_folder,none
C:\Notes\Elastic\elastic-agent-to-logstash-to-kafka-to-kafka-es-sink-to-elasticsearch-kafka-as-middleware-message-queue-elastic-docs\_metadata.txt,C:\Notes\Elastic\elastic-agent-to-logstash-to-kafka-to-kafka-es-sink-to-elasticsearch-kafka-as-middleware-message-queue-elastic-docs\_metadata.txt,elastic,already_in_priority_folder,none
C:\Notes\Elastic\elastic-agent-to-logstash-to-kafka-to-logstash-to-elasticsearch-kafka-as-middleware-message-queue-elastic-docs\00-intro.md,C:\Notes\Elastic\elastic-agent-to-logstash-to-kafka-to-logstash-to-elasticsearch-kafka-as-middleware-message-queue-elastic-docs\00-intro.md,elastic,already_in_priority_folder,none
C:\Notes\Elastic\elastic-agent-to-logstash-to-kafka-to-logstash-to-elasticsearch-kafka-as-middleware-message-queue-elastic-docs\_metadata.txt,C:\Notes\Elastic\elastic-agent-to-logstash-to-kafka-to-logstash-to-elasticsearch-kafka-as-middleware-message-queue-elastic-docs\_metadata.txt,elastic,already_in_priority_folder,none
C:\Notes\Elastic\elastic-agent-to-proxy-to-elasticsearch-elastic-docs\00-intro.md,C:\Notes\Elastic\elastic-agent-to-proxy-to-elasticsearch-elastic-docs\00-intro.md,elastic,already_in_priority_folder,none
C:\Notes\Elastic\elastic-agent-to-proxy-to-elasticsearch-elastic-docs\_metadata.txt,C:\Notes\Elastic\elastic-agent-to-proxy-to-elasticsearch-elastic-docs\_metadata.txt,elastic,already_in_priority_folder,none
C:\Notes\Elastic\elastic-air-gapped-architectures-elastic-docs\00-intro.md,C:\Notes\Elastic\elastic-air-gapped-architectures-elastic-docs\00-intro.md,elastic,already_in_priority_folder,none
C:\Notes\Elastic\elastic-air-gapped-architectures-elastic-docs\_metadata.txt,C:\Notes\Elastic\elastic-air-gapped-architectures-elastic-docs\_metadata.txt,elastic,already_in_priority_folder,none
C:\Notes\Elastic\elastic-distributions-of-opentelemetry-edot-elastic-distributions-of-opentelemetry-edot\00-intro.md,C:\Notes\Elastic\elastic-distributions-of-opentelemetry-edot-elastic-distributions-of-opentelemetry-edot\00-intro.md,elastic,already_in_priority_folder,none
C:\Notes\Elastic\elastic-distributions-of-opentelemetry-edot-elastic-distributions-of-opentelemetry-edot\_metadata.txt,C:\Notes\Elastic\elastic-distributions-of-opentelemetry-edot-elastic-distributions-of-opentelemetry-edot\_metadata.txt,elastic,already_in_priority_folder,none
C:\Notes\Elastic\elastic-docs-elastic-docs\00-intro.md,C:\Notes\Elastic\elastic-docs-elastic-docs\00-intro.md,elastic,already_in_priority_folder,none
C:\Notes\Elastic\elastic-docs-elastic-docs\010-elasticsearch-clients.md,C:\Notes\Elastic\elastic-docs-elastic-docs\010-elasticsearch-clients.md,elastic,already_in_priority_folder,none
C:\Notes\Elastic\elastic-docs-elastic-docs\020-release-notes.md,C:\Notes\Elastic\elastic-docs-elastic-docs\020-release-notes.md,elastic,already_in_priority_folder,none
C:\Notes\Elastic\elastic-docs-elastic-docs\030-extend-and-contribute.md,C:\Notes\Elastic\elastic-docs-elastic-docs\030-extend-and-contribute.md,elastic,already_in_priority_folder,none
C:\Notes\Elastic\elastic-docs-elastic-docs\_metadata.txt,C:\Notes\Elastic\elastic-docs-elastic-docs\_metadata.txt,elastic,already_in_priority_folder,none
C:\Notes\Elastic\elastic-fundamentals-elastic-docs\00-intro.md,C:\Notes\Elastic\elastic-fundamentals-elastic-docs\00-intro.md,elastic,already_in_priority_folder,none
C:\Notes\Elastic\elastic-fundamentals-elastic-docs\_metadata.txt,C:\Notes\Elastic\elastic-fundamentals-elastic-docs\_metadata.txt,elastic,already_in_priority_folder,none
C:\Notes\Elastic\elastic-integrations-elastic-integrations\00-intro.md,C:\Notes\Elastic\elastic-integrations-elastic-integrations\00-intro.md,elastic,already_in_priority_folder,none
C:\Notes\Elastic\elastic-integrations-elastic-integrations\_metadata.txt,C:\Notes\Elastic\elastic-integrations-elastic-integrations\_metadata.txt,elastic,already_in_priority_folder,none
C:\Notes\Elastic\elastic-release-notes-elastic-docs\00-intro.md,C:\Notes\Elastic\elastic-release-notes-elastic-docs\00-intro.md,elastic,already_in_priority_folder,none
C:\Notes\Elastic\elastic-release-notes-elastic-docs\_metadata.txt,C:\Notes\Elastic\elastic-release-notes-elastic-docs\_metadata.txt,elastic,already_in_priority_folder,none
C:\Notes\Elastic\elastic-sitemap-elastic\00-intro.md,C:\Notes\Elastic\elastic-sitemap-elastic\00-intro.md,elastic,already_in_priority_folder,none
C:\Notes\Elastic\elastic-sitemap-elastic\_metadata.txt,C:\Notes\Elastic\elastic-sitemap-elastic\_metadata.txt,elastic,already_in_priority_folder,none
C:\Notes\Elastic\elastic-the-search-ai-company-elastic\00-intro.md,C:\Notes\Elastic\elastic-the-search-ai-company-elastic\00-intro.md,elastic,already_in_priority_folder,none
C:\Notes\Elastic\elastic-the-search-ai-company-elastic\010-discover-everything-you-can-do-with-elastic.md,C:\Notes\Elastic\elastic-the-search-ai-company-elastic\010-discover-everything-you-can-do-with-elastic.md,elastic,already_in_priority_folder,none
C:\Notes\Elastic\elastic-the-search-ai-company-elastic\_metadata.txt,C:\Notes\Elastic\elastic-the-search-ai-company-elastic\_metadata.txt,elastic,already_in_priority_folder,none
C:\Notes\Elastic\elasticsearch-curator-elastic-docs\00-intro.md,C:\Notes\Elastic\elasticsearch-curator-elastic-docs\00-intro.md,elastic,already_in_priority_folder,none
C:\Notes\Elastic\elasticsearch-curator-elastic-docs\_metadata.txt,C:\Notes\Elastic\elasticsearch-curator-elastic-docs\_metadata.txt,elastic,already_in_priority_folder,none
C:\Notes\Elastic\elasticsearch-data-tiers-hot-warm-cold-and-frozen-storage-explained-elastic-docs\00-intro.md,C:\Notes\Elastic\elasticsearch-data-tiers-hot-warm-cold-and-frozen-storage-explained-elastic-docs\00-intro.md,elastic,already_in_priority_folder,none
C:\Notes\Elastic\elasticsearch-data-tiers-hot-warm-cold-and-frozen-storage-explained-elastic-docs\_metadata.txt,C:\Notes\Elastic\elasticsearch-data-tiers-hot-warm-cold-and-frozen-storage-explained-elastic-docs\_metadata.txt,elastic,already_in_priority_folder,none
C:\Notes\Elastic\elasticsearch-ingest-pipelines-elastic-docs\00-intro.md,C:\Notes\Elastic\elasticsearch-ingest-pipelines-elastic-docs\00-intro.md,elastic,already_in_priority_folder,none
C:\Notes\Elastic\elasticsearch-ingest-pipelines-elastic-docs\_metadata.txt,C:\Notes\Elastic\elasticsearch-ingest-pipelines-elastic-docs\_metadata.txt,elastic,already_in_priority_folder,none
C:\Notes\Elastic\elasticsearch-rollup-groups-and-configuration-elastic-docs\00-intro.md,C:\Notes\Elastic\elasticsearch-rollup-groups-and-configuration-elastic-docs\00-intro.md,elastic,already_in_priority_folder,none
C:\Notes\Elastic\elasticsearch-rollup-groups-and-configuration-elastic-docs\_metadata.txt,C:\Notes\Elastic\elasticsearch-rollup-groups-and-configuration-elastic-docs\_metadata.txt,elastic,already_in_priority_folder,none
C:\Notes\Elastic\error-handling-elastic-docs\00-intro.md,C:\Notes\Elastic\error-handling-elastic-docs\00-intro.md,elastic,already_in_priority_folder,none
C:\Notes\Elastic\error-handling-elastic-docs\_metadata.txt,C:\Notes\Elastic\error-handling-elastic-docs\_metadata.txt,elastic,already_in_priority_folder,none
C:\Notes\Elastic\example-enrich-your-data-based-on-exact-values-elastic-docs\00-intro.md,C:\Notes\Elastic\example-enrich-your-data-based-on-exact-values-elastic-docs\00-intro.md,elastic,already_in_priority_folder,none
C:\Notes\Elastic\example-enrich-your-data-based-on-exact-values-elastic-docs\_metadata.txt,C:\Notes\Elastic\example-enrich-your-data-based-on-exact-values-elastic-docs\_metadata.txt,elastic,already_in_priority_folder,none
C:\Notes\Elastic\example-enrich-your-data-based-on-geolocation-elastic-docs\00-intro.md,C:\Notes\Elastic\example-enrich-your-data-based-on-geolocation-elastic-docs\00-intro.md,elastic,already_in_priority_folder,none
C:\Notes\Elastic\example-enrich-your-data-based-on-geolocation-elastic-docs\_metadata.txt,C:\Notes\Elastic\example-enrich-your-data-based-on-geolocation-elastic-docs\_metadata.txt,elastic,already_in_priority_folder,none
C:\Notes\Elastic\example-enrich-your-data-by-matching-a-value-to-a-range-elastic-docs\00-intro.md,C:\Notes\Elastic\example-enrich-your-data-by-matching-a-value-to-a-range-elastic-docs\00-intro.md,elastic,already_in_priority_folder,none
C:\Notes\Elastic\example-enrich-your-data-by-matching-a-value-to-a-range-elastic-docs\_metadata.txt,C:\Notes\Elastic\example-enrich-your-data-by-matching-a-value-to-a-range-elastic-docs\_metadata.txt,elastic,already_in_priority_folder,none
C:\Notes\Elastic\example-parse-logs-elastic-docs\00-intro.md,C:\Notes\Elastic\example-parse-logs-elastic-docs\00-intro.md,elastic,already_in_priority_folder,none
C:\Notes\Elastic\example-parse-logs-elastic-docs\_metadata.txt,C:\Notes\Elastic\example-parse-logs-elastic-docs\_metadata.txt,elastic,already_in_priority_folder,none
C:\Notes\Elastic\explicit-mapping-elastic-docs\00-intro.md,C:\Notes\Elastic\explicit-mapping-elastic-docs\00-intro.md,elastic,already_in_priority_folder,none
C:\Notes\Elastic\explicit-mapping-elastic-docs\_metadata.txt,C:\Notes\Elastic\explicit-mapping-elastic-docs\_metadata.txt,elastic,already_in_priority_folder,none
C:\Notes\Elastic\explore-and-analyze-data-with-kibana-elastic-docs\00-intro.md,C:\Notes\Elastic\explore-and-analyze-data-with-kibana-elastic-docs\00-intro.md,elastic,already_in_priority_folder,none
C:\Notes\Elastic\explore-and-analyze-data-with-kibana-elastic-docs\_metadata.txt,C:\Notes\Elastic\explore-and-analyze-data-with-kibana-elastic-docs\_metadata.txt,elastic,already_in_priority_folder,none
C:\Notes\Elastic\explore-your-data-with-runtime-fields-elastic-docs\00-intro.md,C:\Notes\Elastic\explore-your-data-with-runtime-fields-elastic-docs\00-intro.md,elastic,already_in_priority_folder,none
C:\Notes\Elastic\explore-your-data-with-runtime-fields-elastic-docs\_metadata.txt,C:\Notes\Elastic\explore-your-data-with-runtime-fields-elastic-docs\_metadata.txt,elastic,already_in_priority_folder,none
C:\Notes\Elastic\extend-and-contribute-elastic-docs\00-intro.md,C:\Notes\Elastic\extend-and-contribute-elastic-docs\00-intro.md,elastic,already_in_priority_folder,none
C:\Notes\Elastic\extend-and-contribute-elastic-docs\_metadata.txt,C:\Notes\Elastic\extend-and-contribute-elastic-docs\_metadata.txt,elastic,already_in_priority_folder,none
C:\Notes\Elastic\failure-store-elastic-docs\00-intro.md,C:\Notes\Elastic\failure-store-elastic-docs\00-intro.md,elastic,already_in_priority_folder,none
C:\Notes\Elastic\failure-store-elastic-docs\_metadata.txt,C:\Notes\Elastic\failure-store-elastic-docs\_metadata.txt,elastic,already_in_priority_folder,none
C:\Notes\Elastic\filter-plugins-logstash-plugins\00-intro.md,C:\Notes\Elastic\filter-plugins-logstash-plugins\00-intro.md,elastic,already_in_priority_folder,none
C:\Notes\Elastic\filter-plugins-logstash-plugins\_metadata.txt,C:\Notes\Elastic\filter-plugins-logstash-plugins\_metadata.txt,elastic,already_in_priority_folder,none
C:\Notes\Elastic\find-apps-and-objects-elastic-docs\00-intro.md,C:\Notes\Elastic\find-apps-and-objects-elastic-docs\00-intro.md,elastic,already_in_priority_folder,none
C:\Notes\Elastic\find-apps-and-objects-elastic-docs\_metadata.txt,C:\Notes\Elastic\find-apps-and-objects-elastic-docs\_metadata.txt,elastic,already_in_priority_folder,none
C:\Notes\Elastic\fix-index-lifecycle-management-errors-elastic-docs\00-intro.md,C:\Notes\Elastic\fix-index-lifecycle-management-errors-elastic-docs\00-intro.md,elastic,already_in_priority_folder,none
C:\Notes\Elastic\fix-index-lifecycle-management-errors-elastic-docs\_metadata.txt,C:\Notes\Elastic\fix-index-lifecycle-management-errors-elastic-docs\_metadata.txt,elastic,already_in_priority_folder,none
C:\Notes\Elastic\fleet-and-elastic-agent-overview-elastic-docs\00-intro.md,C:\Notes\Elastic\fleet-and-elastic-agent-overview-elastic-docs\00-intro.md,elastic,already_in_priority_folder,none
C:\Notes\Elastic\fleet-and-elastic-agent-overview-elastic-docs\_metadata.txt,C:\Notes\Elastic\fleet-and-elastic-agent-overview-elastic-docs\_metadata.txt,elastic,already_in_priority_folder,none
C:\Notes\Elastic\general-index-settings-reference\00-intro.md,C:\Notes\Elastic\general-index-settings-reference\00-intro.md,elastic,already_in_priority_folder,none
C:\Notes\Elastic\general-index-settings-reference\_metadata.txt,C:\Notes\Elastic\general-index-settings-reference\_metadata.txt,elastic,already_in_priority_folder,none
C:\Notes\Elastic\general-privacy-statement-elastic\00-intro.md,C:\Notes\Elastic\general-privacy-statement-elastic\00-intro.md,elastic,already_in_priority_folder,none
C:\Notes\Elastic\general-privacy-statement-elastic\010-from-you.md,C:\Notes\Elastic\general-privacy-statement-elastic\010-from-you.md,elastic,already_in_priority_folder,none
C:\Notes\Elastic\general-privacy-statement-elastic\020-automatically.md,C:\Notes\Elastic\general-privacy-statement-elastic\020-automatically.md,elastic,already_in_priority_folder,none
C:\Notes\Elastic\general-privacy-statement-elastic\030-from-third-party-sources.md,C:\Notes\Elastic\general-privacy-statement-elastic\030-from-third-party-sources.md,elastic,already_in_priority_folder,none
C:\Notes\Elastic\general-privacy-statement-elastic\040-with-elastic-companies.md,C:\Notes\Elastic\general-privacy-statement-elastic\040-with-elastic-companies.md,elastic,already_in_priority_folder,none
C:\Notes\Elastic\general-privacy-statement-elastic\050-with-service-providers.md,C:\Notes\Elastic\general-privacy-statement-elastic\050-with-service-providers.md,elastic,already_in_priority_folder,none
C:\Notes\Elastic\general-privacy-statement-elastic\060-with-business-partners.md,C:\Notes\Elastic\general-privacy-statement-elastic\060-with-business-partners.md,elastic,already_in_priority_folder,none
C:\Notes\Elastic\general-privacy-statement-elastic\070-with-competent-authorities.md,C:\Notes\Elastic\general-privacy-statement-elastic\070-with-competent-authorities.md,elastic,already_in_priority_folder,none
C:\Notes\Elastic\general-privacy-statement-elastic\080-for-corporate-transactions.md,C:\Notes\Elastic\general-privacy-statement-elastic\080-for-corporate-transactions.md,elastic,already_in_priority_folder,none
C:\Notes\Elastic\general-privacy-statement-elastic\090-subscription-communications-and-general-communications.md,C:\Notes\Elastic\general-privacy-statement-elastic\090-subscription-communications-and-general-communications.md,elastic,already_in_priority_folder,none
C:\Notes\Elastic\general-privacy-statement-elastic\_metadata.txt,C:\Notes\Elastic\general-privacy-statement-elastic\_metadata.txt,elastic,already_in_priority_folder,none
C:\Notes\Elastic\get-started-with-rollups-in-kibana-elastic-docs\00-intro.md,C:\Notes\Elastic\get-started-with-rollups-in-kibana-elastic-docs\00-intro.md,elastic,already_in_priority_folder,none
C:\Notes\Elastic\get-started-with-rollups-in-kibana-elastic-docs\_metadata.txt,C:\Notes\Elastic\get-started-with-rollups-in-kibana-elastic-docs\_metadata.txt,elastic,already_in_priority_folder,none
C:\Notes\Elastic\get-started-with-rollups-using-the-api-elastic-docs\00-intro.md,C:\Notes\Elastic\get-started-with-rollups-using-the-api-elastic-docs\00-intro.md,elastic,already_in_priority_folder,none
C:\Notes\Elastic\get-started-with-rollups-using-the-api-elastic-docs\_metadata.txt,C:\Notes\Elastic\get-started-with-rollups-using-the-api-elastic-docs\_metadata.txt,elastic,already_in_priority_folder,none
C:\Notes\Elastic\ignore-missing-component-templates-elastic-docs\00-intro.md,C:\Notes\Elastic\ignore-missing-component-templates-elastic-docs\00-intro.md,elastic,already_in_priority_folder,none
C:\Notes\Elastic\ignore-missing-component-templates-elastic-docs\_metadata.txt,C:\Notes\Elastic\ignore-missing-component-templates-elastic-docs\_metadata.txt,elastic,already_in_priority_folder,none
C:\Notes\Elastic\ilm-automation-tutorials-elastic-docs\00-intro.md,C:\Notes\Elastic\ilm-automation-tutorials-elastic-docs\00-intro.md,elastic,already_in_priority_folder,none
C:\Notes\Elastic\ilm-automation-tutorials-elastic-docs\_metadata.txt,C:\Notes\Elastic\ilm-automation-tutorials-elastic-docs\_metadata.txt,elastic,already_in_priority_folder,none
C:\Notes\Elastic\index-a-runtime-field-elastic-docs\00-intro.md,C:\Notes\Elastic\index-a-runtime-field-elastic-docs\00-intro.md,elastic,already_in_priority_folder,none
C:\Notes\Elastic\index-a-runtime-field-elastic-docs\_metadata.txt,C:\Notes\Elastic\index-a-runtime-field-elastic-docs\_metadata.txt,elastic,already_in_priority_folder,none
C:\Notes\Elastic\index-and-search-analysis-elastic-docs\00-intro.md,C:\Notes\Elastic\index-and-search-analysis-elastic-docs\00-intro.md,elastic,already_in_priority_folder,none
C:\Notes\Elastic\index-and-search-analysis-elastic-docs\_metadata.txt,C:\Notes\Elastic\index-and-search-analysis-elastic-docs\_metadata.txt,elastic,already_in_priority_folder,none
C:\Notes\Elastic\index-basics-elastic-docs\00-intro.md,C:\Notes\Elastic\index-basics-elastic-docs\00-intro.md,elastic,already_in_priority_folder,none
C:\Notes\Elastic\index-basics-elastic-docs\_metadata.txt,C:\Notes\Elastic\index-basics-elastic-docs\_metadata.txt,elastic,already_in_priority_folder,none
C:\Notes\Elastic\index-lifecycle-actions-reference\00-intro.md,C:\Notes\Elastic\index-lifecycle-actions-reference\00-intro.md,elastic,already_in_priority_folder,none
C:\Notes\Elastic\index-lifecycle-actions-reference\_metadata.txt,C:\Notes\Elastic\index-lifecycle-actions-reference\_metadata.txt,elastic,already_in_priority_folder,none
C:\Notes\Elastic\index-lifecycle-management-ilm-in-elasticsearch-elastic-docs\00-intro.md,C:\Notes\Elastic\index-lifecycle-management-ilm-in-elasticsearch-elastic-docs\00-intro.md,elastic,already_in_priority_folder,none
C:\Notes\Elastic\index-lifecycle-management-ilm-in-elasticsearch-elastic-docs\_metadata.txt,C:\Notes\Elastic\index-lifecycle-management-ilm-in-elasticsearch-elastic-docs\_metadata.txt,elastic,already_in_priority_folder,none
C:\Notes\Elastic\index-lifecycle-management-phases-and-actions-elastic-docs\00-intro.md,C:\Notes\Elastic\index-lifecycle-management-phases-and-actions-elastic-docs\00-intro.md,elastic,already_in_priority_folder,none
C:\Notes\Elastic\index-lifecycle-management-phases-and-actions-elastic-docs\_metadata.txt,C:\Notes\Elastic\index-lifecycle-management-phases-and-actions-elastic-docs\_metadata.txt,elastic,already_in_priority_folder,none
C:\Notes\Elastic\index-mapping-and-text-analysis-elastic-docs\00-intro.md,C:\Notes\Elastic\index-mapping-and-text-analysis-elastic-docs\00-intro.md,elastic,already_in_priority_folder,none
C:\Notes\Elastic\index-mapping-and-text-analysis-elastic-docs\_metadata.txt,C:\Notes\Elastic\index-mapping-and-text-analysis-elastic-docs\_metadata.txt,elastic,already_in_priority_folder,none
C:\Notes\Elastic\index-rollover-and-routing-allocation-in-elasticsearch-elastic-docs\00-intro.md,C:\Notes\Elastic\index-rollover-and-routing-allocation-in-elasticsearch-elastic-docs\00-intro.md,elastic,already_in_priority_folder,none
C:\Notes\Elastic\index-rollover-and-routing-allocation-in-elasticsearch-elastic-docs\_metadata.txt,C:\Notes\Elastic\index-rollover-and-routing-allocation-in-elasticsearch-elastic-docs\_metadata.txt,elastic,already_in_priority_folder,none
C:\Notes\Elastic\ingest-architectures-elastic-docs\00-intro.md,C:\Notes\Elastic\ingest-architectures-elastic-docs\00-intro.md,elastic,already_in_priority_folder,none
C:\Notes\Elastic\ingest-architectures-elastic-docs\_metadata.txt,C:\Notes\Elastic\ingest-architectures-elastic-docs\_metadata.txt,elastic,already_in_priority_folder,none
C:\Notes\Elastic\ingest-bring-your-data-to-elastic-elastic-docs\00-intro.md,C:\Notes\Elastic\ingest-bring-your-data-to-elastic-elastic-docs\00-intro.md,elastic,already_in_priority_folder,none
C:\Notes\Elastic\ingest-bring-your-data-to-elastic-elastic-docs\_metadata.txt,C:\Notes\Elastic\ingest-bring-your-data-to-elastic-elastic-docs\_metadata.txt,elastic,already_in_priority_folder,none
C:\Notes\Elastic\ingest-data-from-a-relational-database-elastic-docs\00-intro.md,C:\Notes\Elastic\ingest-data-from-a-relational-database-elastic-docs\00-intro.md,elastic,already_in_priority_folder,none
C:\Notes\Elastic\ingest-data-from-a-relational-database-elastic-docs\_metadata.txt,C:\Notes\Elastic\ingest-data-from-a-relational-database-elastic-docs\_metadata.txt,elastic,already_in_priority_folder,none
C:\Notes\Elastic\ingest-data-from-beats-with-logstash-as-a-proxy-elastic-docs\00-intro.md,C:\Notes\Elastic\ingest-data-from-beats-with-logstash-as-a-proxy-elastic-docs\00-intro.md,elastic,already_in_priority_folder,none
C:\Notes\Elastic\ingest-data-from-beats-with-logstash-as-a-proxy-elastic-docs\_metadata.txt,C:\Notes\Elastic\ingest-data-from-beats-with-logstash-as-a-proxy-elastic-docs\_metadata.txt,elastic,already_in_priority_folder,none
C:\Notes\Elastic\ingest-data-with-nodejs-elastic-docs\00-intro.md,C:\Notes\Elastic\ingest-data-with-nodejs-elastic-docs\00-intro.md,elastic,already_in_priority_folder,none
C:\Notes\Elastic\ingest-data-with-nodejs-elastic-docs\_metadata.txt,C:\Notes\Elastic\ingest-data-with-nodejs-elastic-docs\_metadata.txt,elastic,already_in_priority_folder,none
C:\Notes\Elastic\ingest-data-with-python-elastic-docs\00-intro.md,C:\Notes\Elastic\ingest-data-with-python-elastic-docs\00-intro.md,elastic,already_in_priority_folder,none
C:\Notes\Elastic\ingest-data-with-python-elastic-docs\_metadata.txt,C:\Notes\Elastic\ingest-data-with-python-elastic-docs\_metadata.txt,elastic,already_in_priority_folder,none
C:\Notes\Elastic\ingest-logs-from-a-nodejs-web-application-using-filebeat-elastic-docs\00-intro.md,C:\Notes\Elastic\ingest-logs-from-a-nodejs-web-application-using-filebeat-elastic-docs\00-intro.md,elastic,already_in_priority_folder,none
C:\Notes\Elastic\ingest-logs-from-a-nodejs-web-application-using-filebeat-elastic-docs\_metadata.txt,C:\Notes\Elastic\ingest-logs-from-a-nodejs-web-application-using-filebeat-elastic-docs\_metadata.txt,elastic,already_in_priority_folder,none
C:\Notes\Elastic\ingest-logs-from-a-python-application-using-filebeat-elastic-docs\00-intro.md,C:\Notes\Elastic\ingest-logs-from-a-python-application-using-filebeat-elastic-docs\00-intro.md,elastic,already_in_priority_folder,none
C:\Notes\Elastic\ingest-logs-from-a-python-application-using-filebeat-elastic-docs\_metadata.txt,C:\Notes\Elastic\ingest-logs-from-a-python-application-using-filebeat-elastic-docs\_metadata.txt,elastic,already_in_priority_folder,none
C:\Notes\Elastic\ingest-tools-overview-elastic-docs\00-intro.md,C:\Notes\Elastic\ingest-tools-overview-elastic-docs\00-intro.md,elastic,already_in_priority_folder,none
C:\Notes\Elastic\ingest-tools-overview-elastic-docs\_metadata.txt,C:\Notes\Elastic\ingest-tools-overview-elastic-docs\_metadata.txt,elastic,already_in_priority_folder,none
C:\Notes\Elastic\ingesting-data-for-elastic-solutions-elastic-docs\00-intro.md,C:\Notes\Elastic\ingesting-data-for-elastic-solutions-elastic-docs\00-intro.md,elastic,already_in_priority_folder,none
C:\Notes\Elastic\ingesting-data-for-elastic-solutions-elastic-docs\_metadata.txt,C:\Notes\Elastic\ingesting-data-for-elastic-solutions-elastic-docs\_metadata.txt,elastic,already_in_priority_folder,none
C:\Notes\Elastic\ingesting-data-from-applications-elastic-docs\00-intro.md,C:\Notes\Elastic\ingesting-data-from-applications-elastic-docs\00-intro.md,elastic,already_in_priority_folder,none
C:\Notes\Elastic\ingesting-data-from-applications-elastic-docs\_metadata.txt,C:\Notes\Elastic\ingesting-data-from-applications-elastic-docs\_metadata.txt,elastic,already_in_priority_folder,none
C:\Notes\Elastic\ingesting-time-series-data-elastic-docs\00-intro.md,C:\Notes\Elastic\ingesting-time-series-data-elastic-docs\00-intro.md,elastic,already_in_priority_folder,none
C:\Notes\Elastic\ingesting-time-series-data-elastic-docs\_metadata.txt,C:\Notes\Elastic\ingesting-time-series-data-elastic-docs\_metadata.txt,elastic,already_in_priority_folder,none
C:\Notes\Elastic\input-plugins-logstash-plugins\00-intro.md,C:\Notes\Elastic\input-plugins-logstash-plugins\00-intro.md,elastic,already_in_priority_folder,none
C:\Notes\Elastic\input-plugins-logstash-plugins\_metadata.txt,C:\Notes\Elastic\input-plugins-logstash-plugins\_metadata.txt,elastic,already_in_priority_folder,none
C:\Notes\Elastic\install-elastic-agents-elastic-docs\00-intro.md,C:\Notes\Elastic\install-elastic-agents-elastic-docs\00-intro.md,elastic,already_in_priority_folder,none
C:\Notes\Elastic\install-elastic-agents-elastic-docs\_metadata.txt,C:\Notes\Elastic\install-elastic-agents-elastic-docs\_metadata.txt,elastic,already_in_priority_folder,none
C:\Notes\Elastic\integrations-quick-reference-elastic-integrations\00-intro.md,C:\Notes\Elastic\integrations-quick-reference-elastic-integrations\00-intro.md,elastic,already_in_priority_folder,none
C:\Notes\Elastic\integrations-quick-reference-elastic-integrations\_metadata.txt,C:\Notes\Elastic\integrations-quick-reference-elastic-integrations\_metadata.txt,elastic,already_in_priority_folder,none
C:\Notes\Elastic\logs-data-stream-elastic-docs\00-intro.md,C:\Notes\Elastic\logs-data-stream-elastic-docs\00-intro.md,elastic,already_in_priority_folder,none
C:\Notes\Elastic\logs-data-stream-elastic-docs\_metadata.txt,C:\Notes\Elastic\logs-data-stream-elastic-docs\_metadata.txt,elastic,already_in_priority_folder,none
C:\Notes\Elastic\logstash-logstash\00-intro.md,C:\Notes\Elastic\logstash-logstash\00-intro.md,elastic,already_in_priority_folder,none
C:\Notes\Elastic\logstash-logstash\_metadata.txt,C:\Notes\Elastic\logstash-logstash\_metadata.txt,elastic,already_in_priority_folder,none
C:\Notes\Elastic\logstash-pipelines-elastic-docs\00-intro.md,C:\Notes\Elastic\logstash-pipelines-elastic-docs\00-intro.md,elastic,already_in_priority_folder,none
C:\Notes\Elastic\logstash-pipelines-elastic-docs\_metadata.txt,C:\Notes\Elastic\logstash-pipelines-elastic-docs\_metadata.txt,elastic,already_in_priority_folder,none
C:\Notes\Elastic\logstash-to-elasticsearch-elastic-docs\00-intro.md,C:\Notes\Elastic\logstash-to-elasticsearch-elastic-docs\00-intro.md,elastic,already_in_priority_folder,none
C:\Notes\Elastic\logstash-to-elasticsearch-elastic-docs\_metadata.txt,C:\Notes\Elastic\logstash-to-elasticsearch-elastic-docs\_metadata.txt,elastic,already_in_priority_folder,none
C:\Notes\Elastic\manage-a-data-stream-elastic-docs\00-intro.md,C:\Notes\Elastic\manage-a-data-stream-elastic-docs\00-intro.md,elastic,already_in_priority_folder,none
C:\Notes\Elastic\manage-a-data-stream-elastic-docs\_metadata.txt,C:\Notes\Elastic\manage-a-data-stream-elastic-docs\_metadata.txt,elastic,already_in_priority_folder,none
C:\Notes\Elastic\manage-data-elastic-docs\00-intro.md,C:\Notes\Elastic\manage-data-elastic-docs\00-intro.md,elastic,already_in_priority_folder,none
C:\Notes\Elastic\manage-data-elastic-docs\_metadata.txt,C:\Notes\Elastic\manage-data-elastic-docs\_metadata.txt,elastic,already_in_priority_folder,none
C:\Notes\Elastic\manage-data-from-the-command-line-elastic-docs\00-intro.md,C:\Notes\Elastic\manage-data-from-the-command-line-elastic-docs\00-intro.md,elastic,already_in_priority_folder,none
C:\Notes\Elastic\manage-data-from-the-command-line-elastic-docs\_metadata.txt,C:\Notes\Elastic\manage-data-from-the-command-line-elastic-docs\_metadata.txt,elastic,already_in_priority_folder,none
C:\Notes\Elastic\manage-general-content-with-data-streams-elastic-docs\00-intro.md,C:\Notes\Elastic\manage-general-content-with-data-streams-elastic-docs\00-intro.md,elastic,already_in_priority_folder,none
C:\Notes\Elastic\manage-general-content-with-data-streams-elastic-docs\_metadata.txt,C:\Notes\Elastic\manage-general-content-with-data-streams-elastic-docs\_metadata.txt,elastic,already_in_priority_folder,none
C:\Notes\Elastic\manage-time-series-data-with-data-streams-elastic-docs\00-intro.md,C:\Notes\Elastic\manage-time-series-data-with-data-streams-elastic-docs\00-intro.md,elastic,already_in_priority_folder,none
C:\Notes\Elastic\manage-time-series-data-with-data-streams-elastic-docs\_metadata.txt,C:\Notes\Elastic\manage-time-series-data-with-data-streams-elastic-docs\_metadata.txt,elastic,already_in_priority_folder,none
C:\Notes\Elastic\manage-time-series-data-without-data-streams-elastic-docs\00-intro.md,C:\Notes\Elastic\manage-time-series-data-without-data-streams-elastic-docs\00-intro.md,elastic,already_in_priority_folder,none
C:\Notes\Elastic\manage-time-series-data-without-data-streams-elastic-docs\_metadata.txt,C:\Notes\Elastic\manage-time-series-data-without-data-streams-elastic-docs\_metadata.txt,elastic,already_in_priority_folder,none
C:\Notes\Elastic\manage-your-cloud-account-and-preferences-elastic-docs\00-intro.md,C:\Notes\Elastic\manage-your-cloud-account-and-preferences-elastic-docs\00-intro.md,elastic,already_in_priority_folder,none
C:\Notes\Elastic\manage-your-cloud-account-and-preferences-elastic-docs\_metadata.txt,C:\Notes\Elastic\manage-your-cloud-account-and-preferences-elastic-docs\_metadata.txt,elastic,already_in_priority_folder,none
C:\Notes\Elastic\managing-lifecycle-polices-for-integrations-data-elastic-docs\00-intro.md,C:\Notes\Elastic\managing-lifecycle-polices-for-integrations-data-elastic-docs\00-intro.md,elastic,already_in_priority_folder,none
C:\Notes\Elastic\managing-lifecycle-polices-for-integrations-data-elastic-docs\_metadata.txt,C:\Notes\Elastic\managing-lifecycle-polices-for-integrations-data-elastic-docs\_metadata.txt,elastic,already_in_priority_folder,none
C:\Notes\Elastic\map-a-runtime-field-elastic-docs\00-intro.md,C:\Notes\Elastic\map-a-runtime-field-elastic-docs\00-intro.md,elastic,already_in_priority_folder,none
C:\Notes\Elastic\map-a-runtime-field-elastic-docs\_metadata.txt,C:\Notes\Elastic\map-a-runtime-field-elastic-docs\_metadata.txt,elastic,already_in_priority_folder,none
C:\Notes\Elastic\mapping-elastic-docs\00-intro.md,C:\Notes\Elastic\mapping-elastic-docs\00-intro.md,elastic,already_in_priority_folder,none
C:\Notes\Elastic\mapping-elastic-docs\_metadata.txt,C:\Notes\Elastic\mapping-elastic-docs\_metadata.txt,elastic,already_in_priority_folder,none
C:\Notes\Elastic\migrate-elastic-cloud-hosted-data-to-elastic-cloud-serverless-with-logstash-elastic-docs\00-intro.md,C:\Notes\Elastic\migrate-elastic-cloud-hosted-data-to-elastic-cloud-serverless-with-logstash-elastic-docs\00-intro.md,elastic,already_in_priority_folder,none
C:\Notes\Elastic\migrate-elastic-cloud-hosted-data-to-elastic-cloud-serverless-with-logstash-elastic-docs\_metadata.txt,C:\Notes\Elastic\migrate-elastic-cloud-hosted-data-to-elastic-cloud-serverless-with-logstash-elastic-docs\_metadata.txt,elastic,already_in_priority_folder,none
C:\Notes\Elastic\migrate-elasticsearch-data-with-minimal-downtime-elastic-docs\00-intro.md,C:\Notes\Elastic\migrate-elasticsearch-data-with-minimal-downtime-elastic-docs\00-intro.md,elastic,already_in_priority_folder,none
C:\Notes\Elastic\migrate-elasticsearch-data-with-minimal-downtime-elastic-docs\_metadata.txt,C:\Notes\Elastic\migrate-elasticsearch-data-with-minimal-downtime-elastic-docs\_metadata.txt,elastic,already_in_priority_folder,none
C:\Notes\Elastic\migrate-from-a-self-managed-cluster-with-a-self-signed-certificate-using-remote-reindex-elastic-docs\00-intro.md,C:\Notes\Elastic\migrate-from-a-self-managed-cluster-with-a-self-signed-certificate-using-remote-reindex-elastic-docs\00-intro.md,elastic,already_in_priority_folder,none
C:\Notes\Elastic\migrate-from-a-self-managed-cluster-with-a-self-signed-certificate-using-remote-reindex-elastic-docs\_metadata.txt,C:\Notes\Elastic\migrate-from-a-self-managed-cluster-with-a-self-signed-certificate-using-remote-reindex-elastic-docs\_metadata.txt,elastic,already_in_priority_folder,none
C:\Notes\Elastic\migrate-from-beats-to-elastic-agent-elastic-docs\00-intro.md,C:\Notes\Elastic\migrate-from-beats-to-elastic-agent-elastic-docs\00-intro.md,elastic,already_in_priority_folder,none
C:\Notes\Elastic\migrate-from-beats-to-elastic-agent-elastic-docs\_metadata.txt,C:\Notes\Elastic\migrate-from-beats-to-elastic-agent-elastic-docs\_metadata.txt,elastic,already_in_priority_folder,none
C:\Notes\Elastic\migrate-index-allocation-filters-to-ilm-node-roles-elastic-docs\00-intro.md,C:\Notes\Elastic\migrate-index-allocation-filters-to-ilm-node-roles-elastic-docs\00-intro.md,elastic,already_in_priority_folder,none
C:\Notes\Elastic\migrate-index-allocation-filters-to-ilm-node-roles-elastic-docs\_metadata.txt,C:\Notes\Elastic\migrate-index-allocation-filters-to-ilm-node-roles-elastic-docs\_metadata.txt,elastic,already_in_priority_folder,none
C:\Notes\Elastic\migrate-system-indices-elastic-docs\00-intro.md,C:\Notes\Elastic\migrate-system-indices-elastic-docs\00-intro.md,elastic,already_in_priority_folder,none
C:\Notes\Elastic\migrate-system-indices-elastic-docs\_metadata.txt,C:\Notes\Elastic\migrate-system-indices-elastic-docs\_metadata.txt,elastic,already_in_priority_folder,none
C:\Notes\Elastic\migrate-to-ilm-elastic-docs\00-intro.md,C:\Notes\Elastic\migrate-to-ilm-elastic-docs\00-intro.md,elastic,already_in_priority_folder,none
C:\Notes\Elastic\migrate-to-ilm-elastic-docs\_metadata.txt,C:\Notes\Elastic\migrate-to-ilm-elastic-docs\_metadata.txt,elastic,already_in_priority_folder,none
C:\Notes\Elastic\migrate-to-ilm-on-self-managed-and-elastic-cloud-on-kubernetes-deployments-elastic-docs\00-intro.md,C:\Notes\Elastic\migrate-to-ilm-on-self-managed-and-elastic-cloud-on-kubernetes-deployments-elastic-docs\00-intro.md,elastic,already_in_priority_folder,none
C:\Notes\Elastic\migrate-to-ilm-on-self-managed-and-elastic-cloud-on-kubernetes-deployments-elastic-docs\_metadata.txt,C:\Notes\Elastic\migrate-to-ilm-on-self-managed-and-elastic-cloud-on-kubernetes-deployments-elastic-docs\_metadata.txt,elastic,already_in_priority_folder,none
C:\Notes\Elastic\migrate-to-index-lifecycle-management-ilm-on-elastic-cloud-hosted-or-elastic-cloud-enterprise-deployments-elastic-docs\00-intro.md,C:\Notes\Elastic\migrate-to-index-lifecycle-management-ilm-on-elastic-cloud-hosted-or-elastic-cloud-enterprise-deployments-elastic-docs\00-intro.md,elastic,already_in_priority_folder,none
C:\Notes\Elastic\migrate-to-index-lifecycle-management-ilm-on-elastic-cloud-hosted-or-elastic-cloud-enterprise-deployments-elastic-docs\_metadata.txt,C:\Notes\Elastic\migrate-to-index-lifecycle-management-ilm-on-elastic-cloud-hosted-or-elastic-cloud-enterprise-deployments-elastic-docs\_metadata.txt,elastic,already_in_priority_folder,none
C:\Notes\Elastic\migrate-your-elasticsearch-data-elastic-docs\00-intro.md,C:\Notes\Elastic\migrate-your-elasticsearch-data-elastic-docs\00-intro.md,elastic,already_in_priority_folder,none
C:\Notes\Elastic\migrate-your-elasticsearch-data-elastic-docs\_metadata.txt,C:\Notes\Elastic\migrate-your-elasticsearch-data-elastic-docs\_metadata.txt,elastic,already_in_priority_folder,none
C:\Notes\Elastic\migrating-from-rollups-to-downsampling-in-elasticsearch-elastic-docs\00-intro.md,C:\Notes\Elastic\migrating-from-rollups-to-downsampling-in-elasticsearch-elastic-docs\00-intro.md,elastic,already_in_priority_folder,none
C:\Notes\Elastic\migrating-from-rollups-to-downsampling-in-elasticsearch-elastic-docs\_metadata.txt,C:\Notes\Elastic\migrating-from-rollups-to-downsampling-in-elasticsearch-elastic-docs\_metadata.txt,elastic,already_in_priority_folder,none
C:\Notes\Elastic\migrating-ilm-managed-data-streams-to-data-stream-lifecycle-elastic-docs\00-intro.md,C:\Notes\Elastic\migrating-ilm-managed-data-streams-to-data-stream-lifecycle-elastic-docs\00-intro.md,elastic,already_in_priority_folder,none
C:\Notes\Elastic\migrating-ilm-managed-data-streams-to-data-stream-lifecycle-elastic-docs\_metadata.txt,C:\Notes\Elastic\migrating-ilm-managed-data-streams-to-data-stream-lifecycle-elastic-docs\_metadata.txt,elastic,already_in_priority_folder,none
C:\Notes\Elastic\modify-a-data-stream-elastic-docs\00-intro.md,C:\Notes\Elastic\modify-a-data-stream-elastic-docs\00-intro.md,elastic,already_in_priority_folder,none
C:\Notes\Elastic\modify-a-data-stream-elastic-docs\_metadata.txt,C:\Notes\Elastic\modify-a-data-stream-elastic-docs\_metadata.txt,elastic,already_in_priority_folder,none
C:\Notes\Elastic\near-real-time-search-elastic-docs\00-intro.md,C:\Notes\Elastic\near-real-time-search-elastic-docs\00-intro.md,elastic,already_in_priority_folder,none
C:\Notes\Elastic\near-real-time-search-elastic-docs\_metadata.txt,C:\Notes\Elastic\near-real-time-search-elastic-docs\_metadata.txt,elastic,already_in_priority_folder,none
C:\Notes\Elastic\otlphttp-endpoint-elastic-docs\00-intro.md,C:\Notes\Elastic\otlphttp-endpoint-elastic-docs\00-intro.md,elastic,already_in_priority_folder,none
C:\Notes\Elastic\otlphttp-endpoint-elastic-docs\_metadata.txt,C:\Notes\Elastic\otlphttp-endpoint-elastic-docs\_metadata.txt,elastic,already_in_priority_folder,none
C:\Notes\Elastic\output-plugins-for-logstash-logstash-plugins\00-intro.md,C:\Notes\Elastic\output-plugins-for-logstash-logstash-plugins\00-intro.md,elastic,already_in_priority_folder,none
C:\Notes\Elastic\output-plugins-for-logstash-logstash-plugins\_metadata.txt,C:\Notes\Elastic\output-plugins-for-logstash-logstash-plugins\_metadata.txt,elastic,already_in_priority_folder,none
C:\Notes\Elastic\override-field-values-at-query-time-elastic-docs\00-intro.md,C:\Notes\Elastic\override-field-values-at-query-time-elastic-docs\00-intro.md,elastic,already_in_priority_folder,none
C:\Notes\Elastic\override-field-values-at-query-time-elastic-docs\_metadata.txt,C:\Notes\Elastic\override-field-values-at-query-time-elastic-docs\_metadata.txt,elastic,already_in_priority_folder,none
C:\Notes\Elastic\perform-operations-on-indices-elastic-docs\00-intro.md,C:\Notes\Elastic\perform-operations-on-indices-elastic-docs\00-intro.md,elastic,already_in_priority_folder,none
C:\Notes\Elastic\perform-operations-on-indices-elastic-docs\_metadata.txt,C:\Notes\Elastic\perform-operations-on-indices-elastic-docs\_metadata.txt,elastic,already_in_priority_folder,none
C:\Notes\Elastic\querying-downsampled-data-elastic-docs\00-intro.md,C:\Notes\Elastic\querying-downsampled-data-elastic-docs\00-intro.md,elastic,already_in_priority_folder,none
C:\Notes\Elastic\querying-downsampled-data-elastic-docs\_metadata.txt,C:\Notes\Elastic\querying-downsampled-data-elastic-docs\_metadata.txt,elastic,already_in_priority_folder,none
C:\Notes\Elastic\quickstart-time-series-data-stream-basics-elastic-docs\00-intro.md,C:\Notes\Elastic\quickstart-time-series-data-stream-basics-elastic-docs\00-intro.md,elastic,already_in_priority_folder,none
C:\Notes\Elastic\quickstart-time-series-data-stream-basics-elastic-docs\_metadata.txt,C:\Notes\Elastic\quickstart-time-series-data-stream-basics-elastic-docs\_metadata.txt,elastic,already_in_priority_folder,none
C:\Notes\Elastic\reference-elastic-docs\00-intro.md,C:\Notes\Elastic\reference-elastic-docs\00-intro.md,elastic,already_in_priority_folder,none
C:\Notes\Elastic\reference-elastic-docs\_metadata.txt,C:\Notes\Elastic\reference-elastic-docs\_metadata.txt,elastic,already_in_priority_folder,none
C:\Notes\Elastic\reindex-a-time-series-data-stream-elastic-docs\00-intro.md,C:\Notes\Elastic\reindex-a-time-series-data-stream-elastic-docs\00-intro.md,elastic,already_in_priority_folder,none
C:\Notes\Elastic\reindex-a-time-series-data-stream-elastic-docs\_metadata.txt,C:\Notes\Elastic\reindex-a-time-series-data-stream-elastic-docs\_metadata.txt,elastic,already_in_priority_folder,none
C:\Notes\Elastic\removal-of-mapping-types-elastic-docs\00-intro.md,C:\Notes\Elastic\removal-of-mapping-types-elastic-docs\00-intro.md,elastic,already_in_priority_folder,none
C:\Notes\Elastic\removal-of-mapping-types-elastic-docs\_metadata.txt,C:\Notes\Elastic\removal-of-mapping-types-elastic-docs\_metadata.txt,elastic,already_in_priority_folder,none
C:\Notes\Elastic\restore-a-snapshot-elastic-docs\00-intro.md,C:\Notes\Elastic\restore-a-snapshot-elastic-docs\00-intro.md,elastic,already_in_priority_folder,none
C:\Notes\Elastic\restore-a-snapshot-elastic-docs\_metadata.txt,C:\Notes\Elastic\restore-a-snapshot-elastic-docs\_metadata.txt,elastic,already_in_priority_folder,none
C:\Notes\Elastic\restore-managed-indices-and-manage-ilm-actions-elastic-docs\00-intro.md,C:\Notes\Elastic\restore-managed-indices-and-manage-ilm-actions-elastic-docs\00-intro.md,elastic,already_in_priority_folder,none
C:\Notes\Elastic\restore-managed-indices-and-manage-ilm-actions-elastic-docs\_metadata.txt,C:\Notes\Elastic\restore-managed-indices-and-manage-ilm-actions-elastic-docs\_metadata.txt,elastic,already_in_priority_folder,none
C:\Notes\Elastic\retrieve-a-runtime-field-elastic-docs\00-intro.md,C:\Notes\Elastic\retrieve-a-runtime-field-elastic-docs\00-intro.md,elastic,already_in_priority_folder,none
C:\Notes\Elastic\retrieve-a-runtime-field-elastic-docs\_metadata.txt,C:\Notes\Elastic\retrieve-a-runtime-field-elastic-docs\_metadata.txt,elastic,already_in_priority_folder,none
C:\Notes\Elastic\roll-over-to-a-new-index-elasticsearch-api-documentation\00-intro.md,C:\Notes\Elastic\roll-over-to-a-new-index-elasticsearch-api-documentation\00-intro.md,elastic,already_in_priority_folder,none
C:\Notes\Elastic\roll-over-to-a-new-index-elasticsearch-api-documentation\_metadata.txt,C:\Notes\Elastic\roll-over-to-a-new-index-elasticsearch-api-documentation\_metadata.txt,elastic,already_in_priority_folder,none
C:\Notes\Elastic\rollup-aggregation-limitations-in-elasticsearch-elastic-docs\00-intro.md,C:\Notes\Elastic\rollup-aggregation-limitations-in-elasticsearch-elastic-docs\00-intro.md,elastic,already_in_priority_folder,none
C:\Notes\Elastic\rollup-aggregation-limitations-in-elasticsearch-elastic-docs\_metadata.txt,C:\Notes\Elastic\rollup-aggregation-limitations-in-elasticsearch-elastic-docs\_metadata.txt,elastic,already_in_priority_folder,none
C:\Notes\Elastic\rollup-elastic-docs\00-intro.md,C:\Notes\Elastic\rollup-elastic-docs\00-intro.md,elastic,already_in_priority_folder,none
C:\Notes\Elastic\rollup-elastic-docs\_metadata.txt,C:\Notes\Elastic\rollup-elastic-docs\_metadata.txt,elastic,already_in_priority_folder,none
C:\Notes\Elastic\rollup-search-limitations-in-elasticsearch-elastic-docs\00-intro.md,C:\Notes\Elastic\rollup-search-limitations-in-elasticsearch-elastic-docs\00-intro.md,elastic,already_in_priority_folder,none
C:\Notes\Elastic\rollup-search-limitations-in-elasticsearch-elastic-docs\_metadata.txt,C:\Notes\Elastic\rollup-search-limitations-in-elasticsearch-elastic-docs\_metadata.txt,elastic,already_in_priority_folder,none
C:\Notes\Elastic\runtime-fields-elastic-docs\00-intro.md,C:\Notes\Elastic\runtime-fields-elastic-docs\00-intro.md,elastic,already_in_priority_folder,none
C:\Notes\Elastic\runtime-fields-elastic-docs\_metadata.txt,C:\Notes\Elastic\runtime-fields-elastic-docs\_metadata.txt,elastic,already_in_priority_folder,none
C:\Notes\Elastic\sample-data-elastic-docs\00-intro.md,C:\Notes\Elastic\sample-data-elastic-docs\00-intro.md,elastic,already_in_priority_folder,none
C:\Notes\Elastic\sample-data-elastic-docs\_metadata.txt,C:\Notes\Elastic\sample-data-elastic-docs\_metadata.txt,elastic,already_in_priority_folder,none
C:\Notes\Elastic\set-up-a-data-stream-elastic-docs\00-intro.md,C:\Notes\Elastic\set-up-a-data-stream-elastic-docs\00-intro.md,elastic,already_in_priority_folder,none
C:\Notes\Elastic\set-up-a-data-stream-elastic-docs\_metadata.txt,C:\Notes\Elastic\set-up-a-data-stream-elastic-docs\_metadata.txt,elastic,already_in_priority_folder,none
C:\Notes\Elastic\set-up-a-time-series-data-stream-elastic-docs\00-intro.md,C:\Notes\Elastic\set-up-a-time-series-data-stream-elastic-docs\00-intro.md,elastic,already_in_priority_folder,none
C:\Notes\Elastic\set-up-a-time-series-data-stream-elastic-docs\_metadata.txt,C:\Notes\Elastic\set-up-a-time-series-data-stream-elastic-docs\_metadata.txt,elastic,already_in_priority_folder,none
C:\Notes\Elastic\set-up-an-enrich-processor-elastic-docs\00-intro.md,C:\Notes\Elastic\set-up-an-enrich-processor-elastic-docs\00-intro.md,elastic,already_in_priority_folder,none
C:\Notes\Elastic\set-up-an-enrich-processor-elastic-docs\_metadata.txt,C:\Notes\Elastic\set-up-an-enrich-processor-elastic-docs\_metadata.txt,elastic,already_in_priority_folder,none
C:\Notes\Elastic\setting-retention-for-elasticsearch-data-streams-elastic-docs\00-intro.md,C:\Notes\Elastic\setting-retention-for-elasticsearch-data-streams-elastic-docs\00-intro.md,elastic,already_in_priority_folder,none
C:\Notes\Elastic\setting-retention-for-elasticsearch-data-streams-elastic-docs\_metadata.txt,C:\Notes\Elastic\setting-retention-for-elasticsearch-data-streams-elastic-docs\_metadata.txt,elastic,already_in_priority_folder,none
C:\Notes\Elastic\shrink-an-index-elasticsearch-api-documentation\00-intro.md,C:\Notes\Elastic\shrink-an-index-elasticsearch-api-documentation\00-intro.md,elastic,already_in_priority_folder,none
C:\Notes\Elastic\shrink-an-index-elasticsearch-api-documentation\_metadata.txt,C:\Notes\Elastic\shrink-an-index-elasticsearch-api-documentation\_metadata.txt,elastic,already_in_priority_folder,none
C:\Notes\Elastic\sign-in-to-github-github\00-intro.md,C:\Notes\Elastic\sign-in-to-github-github\00-intro.md,elastic,already_in_priority_folder,none
C:\Notes\Elastic\sign-in-to-github-github\_metadata.txt,C:\Notes\Elastic\sign-in-to-github-github\_metadata.txt,elastic,already_in_priority_folder,none
C:\Notes\Elastic\simulate-multi-component-templates-elastic-docs\00-intro.md,C:\Notes\Elastic\simulate-multi-component-templates-elastic-docs\00-intro.md,elastic,already_in_priority_folder,none
C:\Notes\Elastic\simulate-multi-component-templates-elastic-docs\_metadata.txt,C:\Notes\Elastic\simulate-multi-component-templates-elastic-docs\_metadata.txt,elastic,already_in_priority_folder,none
C:\Notes\Elastic\skip-rollover-in-index-lifecycle-management-ilm-elastic-docs\00-intro.md,C:\Notes\Elastic\skip-rollover-in-index-lifecycle-management-ilm-elastic-docs\00-intro.md,elastic,already_in_priority_folder,none
C:\Notes\Elastic\skip-rollover-in-index-lifecycle-management-ilm-elastic-docs\_metadata.txt,C:\Notes\Elastic\skip-rollover-in-index-lifecycle-management-ilm-elastic-docs\_metadata.txt,elastic,already_in_priority_folder,none
C:\Notes\Elastic\solutions-and-use-cases-elastic-docs\00-intro.md,C:\Notes\Elastic\solutions-and-use-cases-elastic-docs\00-intro.md,elastic,already_in_priority_folder,none
C:\Notes\Elastic\solutions-and-use-cases-elastic-docs\_metadata.txt,C:\Notes\Elastic\solutions-and-use-cases-elastic-docs\_metadata.txt,elastic,already_in_priority_folder,none
C:\Notes\Elastic\specify-an-analyzer-elastic-docs\00-intro.md,C:\Notes\Elastic\specify-an-analyzer-elastic-docs\00-intro.md,elastic,already_in_priority_folder,none
C:\Notes\Elastic\specify-an-analyzer-elastic-docs\_metadata.txt,C:\Notes\Elastic\specify-an-analyzer-elastic-docs\_metadata.txt,elastic,already_in_priority_folder,none
C:\Notes\Elastic\split-an-index-elasticsearch-api-documentation\00-intro.md,C:\Notes\Elastic\split-an-index-elasticsearch-api-documentation\00-intro.md,elastic,already_in_priority_folder,none
C:\Notes\Elastic\split-an-index-elasticsearch-api-documentation\_metadata.txt,C:\Notes\Elastic\split-an-index-elasticsearch-api-documentation\_metadata.txt,elastic,already_in_priority_folder,none
C:\Notes\Elastic\start-and-stop-index-lifecycle-management-elastic-docs\00-intro.md,C:\Notes\Elastic\start-and-stop-index-lifecycle-management-elastic-docs\00-intro.md,elastic,already_in_priority_folder,none
C:\Notes\Elastic\start-and-stop-index-lifecycle-management-elastic-docs\_metadata.txt,C:\Notes\Elastic\start-and-stop-index-lifecycle-management-elastic-docs\_metadata.txt,elastic,already_in_priority_folder,none
C:\Notes\Elastic\stemming-elastic-docs\00-intro.md,C:\Notes\Elastic\stemming-elastic-docs\00-intro.md,elastic,already_in_priority_folder,none
C:\Notes\Elastic\stemming-elastic-docs\_metadata.txt,C:\Notes\Elastic\stemming-elastic-docs\_metadata.txt,elastic,already_in_priority_folder,none
C:\Notes\Elastic\streams-elastic-docs\00-intro.md,C:\Notes\Elastic\streams-elastic-docs\00-intro.md,elastic,already_in_priority_folder,none
C:\Notes\Elastic\streams-elastic-docs\_metadata.txt,C:\Notes\Elastic\streams-elastic-docs\_metadata.txt,elastic,already_in_priority_folder,none
C:\Notes\Elastic\templates-elastic-docs\00-intro.md,C:\Notes\Elastic\templates-elastic-docs\00-intro.md,elastic,already_in_priority_folder,none
C:\Notes\Elastic\templates-elastic-docs\_metadata.txt,C:\Notes\Elastic\templates-elastic-docs\_metadata.txt,elastic,already_in_priority_folder,none
C:\Notes\Elastic\terms-of-use-elastic\00-intro.md,C:\Notes\Elastic\terms-of-use-elastic\00-intro.md,elastic,already_in_priority_folder,none
C:\Notes\Elastic\terms-of-use-elastic\_metadata.txt,C:\Notes\Elastic\terms-of-use-elastic\_metadata.txt,elastic,already_in_priority_folder,none
C:\Notes\Elastic\test-an-analyzer-elastic-docs\00-intro.md,C:\Notes\Elastic\test-an-analyzer-elastic-docs\00-intro.md,elastic,already_in_priority_folder,none
C:\Notes\Elastic\test-an-analyzer-elastic-docs\_metadata.txt,C:\Notes\Elastic\test-an-analyzer-elastic-docs\_metadata.txt,elastic,already_in_priority_folder,none
C:\Notes\Elastic\text-analysis-elastic-docs\00-intro.md,C:\Notes\Elastic\text-analysis-elastic-docs\00-intro.md,elastic,already_in_priority_folder,none
C:\Notes\Elastic\text-analysis-elastic-docs\_metadata.txt,C:\Notes\Elastic\text-analysis-elastic-docs\_metadata.txt,elastic,already_in_priority_folder,none
C:\Notes\Elastic\the-elasticsearch-data-store-elastic-docs\00-intro.md,C:\Notes\Elastic\the-elasticsearch-data-store-elastic-docs\00-intro.md,elastic,already_in_priority_folder,none
C:\Notes\Elastic\the-elasticsearch-data-store-elastic-docs\_metadata.txt,C:\Notes\Elastic\the-elasticsearch-data-store-elastic-docs\_metadata.txt,elastic,already_in_priority_folder,none
C:\Notes\Elastic\time-bound-indices-and-dimension-based-routing-elastic-docs\00-intro.md,C:\Notes\Elastic\time-bound-indices-and-dimension-based-routing-elastic-docs\00-intro.md,elastic,already_in_priority_folder,none
C:\Notes\Elastic\time-bound-indices-and-dimension-based-routing-elastic-docs\_metadata.txt,C:\Notes\Elastic\time-bound-indices-and-dimension-based-routing-elastic-docs\_metadata.txt,elastic,already_in_priority_folder,none
C:\Notes\Elastic\time-series-data-streams-elastic-docs\00-intro.md,C:\Notes\Elastic\time-series-data-streams-elastic-docs\00-intro.md,elastic,already_in_priority_folder,none
C:\Notes\Elastic\time-series-data-streams-elastic-docs\_metadata.txt,C:\Notes\Elastic\time-series-data-streams-elastic-docs\_metadata.txt,elastic,already_in_priority_folder,none
C:\Notes\Elastic\token-graphs-elastic-docs\00-intro.md,C:\Notes\Elastic\token-graphs-elastic-docs\00-intro.md,elastic,already_in_priority_folder,none
C:\Notes\Elastic\token-graphs-elastic-docs\_metadata.txt,C:\Notes\Elastic\token-graphs-elastic-docs\_metadata.txt,elastic,already_in_priority_folder,none
C:\Notes\Elastic\trademarks-elastic\00-intro.md,C:\Notes\Elastic\trademarks-elastic\00-intro.md,elastic,already_in_priority_folder,none
C:\Notes\Elastic\trademarks-elastic\010-use-for-developers-or-others.md,C:\Notes\Elastic\trademarks-elastic\010-use-for-developers-or-others.md,elastic,already_in_priority_folder,none
C:\Notes\Elastic\trademarks-elastic\020-attribution.md,C:\Notes\Elastic\trademarks-elastic\020-attribution.md,elastic,already_in_priority_folder,none
C:\Notes\Elastic\trademarks-elastic\_metadata.txt,C:\Notes\Elastic\trademarks-elastic\_metadata.txt,elastic,already_in_priority_folder,none
C:\Notes\Elastic\transform-and-enrich-data-elastic-docs\00-intro.md,C:\Notes\Elastic\transform-and-enrich-data-elastic-docs\00-intro.md,elastic,already_in_priority_folder,none
C:\Notes\Elastic\transform-and-enrich-data-elastic-docs\_metadata.txt,C:\Notes\Elastic\transform-and-enrich-data-elastic-docs\_metadata.txt,elastic,already_in_priority_folder,none
C:\Notes\Elastic\troubleshooting-elastic-docs\00-intro.md,C:\Notes\Elastic\troubleshooting-elastic-docs\00-intro.md,elastic,already_in_priority_folder,none
C:\Notes\Elastic\troubleshooting-elastic-docs\_metadata.txt,C:\Notes\Elastic\troubleshooting-elastic-docs\_metadata.txt,elastic,already_in_priority_folder,none
C:\Notes\Elastic\update-mapping-api-examples-elastic-docs\00-intro.md,C:\Notes\Elastic\update-mapping-api-examples-elastic-docs\00-intro.md,elastic,already_in_priority_folder,none
C:\Notes\Elastic\update-mapping-api-examples-elastic-docs\_metadata.txt,C:\Notes\Elastic\update-mapping-api-examples-elastic-docs\_metadata.txt,elastic,already_in_priority_folder,none
C:\Notes\Elastic\update-or-switch-an-elasticsearch-index-lifecycle-policy-elastic-docs\00-intro.md,C:\Notes\Elastic\update-or-switch-an-elasticsearch-index-lifecycle-policy-elastic-docs\00-intro.md,elastic,already_in_priority_folder,none
C:\Notes\Elastic\update-or-switch-an-elasticsearch-index-lifecycle-policy-elastic-docs\_metadata.txt,C:\Notes\Elastic\update-or-switch-an-elasticsearch-index-lifecycle-policy-elastic-docs\_metadata.txt,elastic,already_in_priority_folder,none
C:\Notes\Elastic\update-the-lifecycle-of-a-data-stream-elastic-docs\00-intro.md,C:\Notes\Elastic\update-the-lifecycle-of-a-data-stream-elastic-docs\00-intro.md,elastic,already_in_priority_folder,none
C:\Notes\Elastic\update-the-lifecycle-of-a-data-stream-elastic-docs\_metadata.txt,C:\Notes\Elastic\update-the-lifecycle-of-a-data-stream-elastic-docs\_metadata.txt,elastic,already_in_priority_folder,none
C:\Notes\Elastic\upload-data-files-elastic-docs\00-intro.md,C:\Notes\Elastic\upload-data-files-elastic-docs\00-intro.md,elastic,already_in_priority_folder,none
C:\Notes\Elastic\upload-data-files-elastic-docs\_metadata.txt,C:\Notes\Elastic\upload-data-files-elastic-docs\_metadata.txt,elastic,already_in_priority_folder,none
C:\Notes\Elastic\use-a-data-stream-elastic-docs\00-intro.md,C:\Notes\Elastic\use-a-data-stream-elastic-docs\00-intro.md,elastic,already_in_priority_folder,none
C:\Notes\Elastic\use-a-data-stream-elastic-docs\_metadata.txt,C:\Notes\Elastic\use-a-data-stream-elastic-docs\_metadata.txt,elastic,already_in_priority_folder,none
C:\Notes\Elastic\use-case-use-elasticsearch-to-manage-time-series-data-elastic-docs\00-intro.md,C:\Notes\Elastic\use-case-use-elasticsearch-to-manage-time-series-data-elastic-docs\00-intro.md,elastic,already_in_priority_folder,none
C:\Notes\Elastic\use-case-use-elasticsearch-to-manage-time-series-data-elastic-docs\_metadata.txt,C:\Notes\Elastic\use-case-use-elasticsearch-to-manage-time-series-data-elastic-docs\_metadata.txt,elastic,already_in_priority_folder,none
C:\Notes\Elastic\using-failure-stores-to-address-ingestion-issues-elastic-docs\00-intro.md,C:\Notes\Elastic\using-failure-stores-to-address-ingestion-issues-elastic-docs\00-intro.md,elastic,already_in_priority_folder,none
C:\Notes\Elastic\using-failure-stores-to-address-ingestion-issues-elastic-docs\_metadata.txt,C:\Notes\Elastic\using-failure-stores-to-address-ingestion-issues-elastic-docs\_metadata.txt,elastic,already_in_priority_folder,none
C:\Notes\Elastic\using-logstash-with-elastic-integrations-logstash\00-intro.md,C:\Notes\Elastic\using-logstash-with-elastic-integrations-logstash\00-intro.md,elastic,already_in_priority_folder,none
C:\Notes\Elastic\using-logstash-with-elastic-integrations-logstash\_metadata.txt,C:\Notes\Elastic\using-logstash-with-elastic-integrations-logstash\_metadata.txt,elastic,already_in_priority_folder,none
C:\Notes\Readwise\Books\Cold Case Kennedy.md,C:\Notes\misc\readwise\Cold Case Kennedy.md,misc,readwise_folder,move
C:\Notes\Readwise\Books\Data Modeling with Microsoft Power BI.md,C:\Notes\microsoft\powerbi\Data Modeling with Microsoft Power BI.md,microsoft,specific_rule:power bi,move
C:\Notes\Readwise\Books\Deep Work.md,C:\Notes\misc\readwise\Deep Work.md,misc,readwise_folder,move
